run_id,regime,label,seed,k,mu,a,tremble,gamma,alpha,beta,p_nash,p_monopoly,converged,conv_period,avg_price,avg_profit,delta,price_over_nash,punish_depth,recovery_steps,recovered_frac,price_corr,diff_corr,sync_change_rate,rel_gap_mean,rel_gap_max,gap_zero_frac,cv_mean,rel_step_mean,change_freq,autocorr1,entropy,state_hhi,n_states_frac,retaliation_rate,undercut_frac,rebound_after_low,level_over_min,level_over_median_gap,lead_lag_strength
q_myopic_0,q_myopic,competitive,0,9,0.216,1.9781,0.0519,0.0,0.1602,1.9086138319371625e-05,1.417,1.8839,True,368374,1.484968,0.22737,0.198279,1.047988,0.071212,2.0,0.976263,0.321733,0.448726,0.968969,0.01448,0.330165,0.903,0.04748,0.058403,0.984484,-0.184086,0.353162,0.37855,0.04,0.843206,0.097097,0.051791,1.0837,0.047166,0.232653
q_myopic_1,q_myopic,competitive,1,11,0.2121,2.0751,0.0354,0.0,0.1667,2.1166647428117896e-05,1.4151,1.956,True,410818,1.473574,0.225144,0.130927,1.041336,0.06259,3.0,0.93741,0.632503,0.656646,0.936937,0.018016,0.440483,0.861,0.073969,0.093388,0.968468,-0.058612,0.51025,0.223844,0.063,0.743734,0.139139,0.025053,1.082722,0.154169,0.420685
q_myopic_2,q_myopic,competitive,2,15,0.2125,2.0312,0.0135,0.0,0.0967,2.1236769680546777e-05,1.414,1.9223,True,489519,1.532128,0.250398,0.318879,1.083538,0.109563,1.0,0.99004,0.728253,0.817057,0.802803,0.028322,0.36966,0.301,0.056225,0.071587,0.901401,-0.173995,0.637471,0.090324,0.038,0.435368,0.698699,0.034997,1.106262,0.127959,0.384071
q_myopic_3,q_myopic,competitive,3,9,0.2929,1.9422,0.0297,0.0,0.184,1.8750515550120757e-05,1.5285,1.9216,True,386902,1.589436,0.254333,0.238413,1.039881,0.060451,1.0,0.99535,0.393472,0.406566,0.3998,0.027266,0.259676,0.359,0.035624,0.041831,0.699199,-0.190947,0.301362,0.278468,0.026,0.970462,0.641642,0.007634,1.06733,0.055645,0.497291
q_myopic_4,q_myopic,competitive,4,11,0.2259,1.9982,0.0274,0.0,0.2014,2.269075580658706e-05,1.4346,1.9059,True,357200,1.45569,0.215356,0.050658,1.014669,0.039158,1.0,0.960842,0.611446,0.707887,0.970971,0.010449,0.388456,0.918,0.052608,0.08018,0.985485,-0.359703,0.35427,0.388932,0.04,0.792262,0.082082,0.081532,1.049129,0.077691,0.428864
q_myopic_5,q_myopic,competitive,5,15,0.275,1.9515,0.0448,0.0,0.0923,2.3430123225983685e-05,1.5047,1.9114,True,377069,1.565802,0.249273,0.220838,1.040592,0.028247,1.0,1.016948,0.502532,0.444219,0.955956,0.021282,0.289394,0.425,0.04354,0.047141,0.977978,0.083457,0.506966,0.268688,0.066,0.506469,0.575576,0.040691,1.056914,0.089044,0.269724
q_myopic_6,q_myopic,competitive,6,9,0.2951,2.0011,0.0427,0.0,0.1964,2.2344202282548728e-05,1.5391,1.9641,True,367785,1.620664,0.269922,0.285896,1.052985,0.031648,2.0,1.007912,0.403055,0.467355,0.664995,0.023363,0.275327,0.613,0.042522,0.049727,0.830831,-0.211585,0.403503,0.247764,0.042,0.911514,0.387387,0.016463,1.082885,0.058999,0.281181
q_myopic_7,q_myopic,competitive,7,11,0.219,2.0097,0.0438,0.0,0.0898,2.2802342176990335e-05,1.4238,1.9098,True,377960,1.607875,0.27686,0.512226,1.129285,0.116784,1.0,1.044917,0.756197,0.808917,0.960961,0.025282,0.290185,0.477,0.057771,0.091028,0.98048,-0.36162,0.415468,0.318178,0.05,0.773288,0.523524,0.077419,1.169197,0.090683,0.434962
q_myopic_8,q_myopic,competitive,8,15,0.2539,2.035,0.029,0.0,0.1617,2.1827301105449317e-05,1.4819,1.9536,True,415882,1.532712,0.246657,0.15273,1.034274,0.027971,1.0,1.025307,0.487648,0.392391,0.980981,0.010762,0.342904,0.89,0.044941,0.045229,0.99049,0.133885,0.50508,0.241314,0.065,0.693182,0.11011,0.015502,1.038999,0.079132,0.294638
q_myopic_9,q_myopic,competitive,9,9,0.2721,2.0729,0.0219,0.0,0.1455,2.175107454673992e-05,1.5134,1.9955,True,369060,1.491765,0.229688,-0.096008,0.985728,0.0,1.0,1.0,0.606297,0.155778,0.756757,0.01115,0.387819,0.897,0.051149,0.017178,0.162663,0.503386,0.213745,0.709426,0.031,0.733028,0.103103,0.010599,1.018164,0.096955,0.584643
q_myopic_10,q_myopic,competitive,10,11,0.2114,2.0036,0.0166,0.0,0.1635,1.82117845738331e-05,1.4107,1.9004,True,287439,1.378818,0.182749,-0.114191,0.97739,0.0,1.0,1.0,0.503301,-0.014015,0.771429,0.007969,0.426162,0.933,0.044909,0.012371,0.124124,0.48358,0.163562,0.786266,0.028,0.830357,0.066066,0.00992,1.012535,0.042616,0.581793
q_myopic_11,q_myopic,competitive,11,15,0.2526,1.9875,0.0504,0.0,0.2179,2.1917361584728908e-05,1.4757,1.9179,True,366579,1.542443,0.245902,0.207669,1.045198,0.036651,1.0,0.988197,0.499652,0.517943,0.736737,0.028431,0.344018,0.316,0.053553,0.056119,0.868368,-0.002592,0.595018,0.105556,0.083,0.537236,0.684685,0.038304,1.063406,0.122863,0.125126
q_myopic_12,q_myopic,competitive,12,9,0.2051,2.0098,0.0552,0.0,0.1175,2.3760296708399823e-05,1.4003,1.9013,True,316887,1.474275,0.223759,0.187149,1.052864,0.077069,3.0,0.97431,0.593613,0.627324,0.973974,0.017181,0.407861,0.893,0.069394,0.083746,0.986987,-0.062115,0.517657,0.19732,0.048,0.871053,0.107107,0.063847,1.091939,0.152948,0.344177
q_myopic_13,q_myopic,competitive,13,11,0.2454,1.9578,0.0429,0.0,0.1625,2.3698280016347046e-05,1.4621,1.8907,True,372648,1.534976,0.242773,0.246289,1.049854,0.032156,1.0,1.035541,0.427673,0.478601,0.956957,0.013772,0.301571,0.852,0.044411,0.052677,0.978478,-0.032105,0.47351,0.232084,0.051,0.697324,0.147147,0.020652,1.043734,0.08377,0.242324
q_myopic_14,q_myopic,competitive,14,15,0.2686,1.9037,0.0538,0.0,0.1425,2.0211543833846354e-05,1.4899,1.8724,True,394707,1.56646,0.244997,0.294752,1.051398,0.042808,1.0,1.020611,0.351627,0.349866,0.972973,0.022917,0.272072,0.578,0.043243,0.049556,0.986486,-0.03188,0.633066,0.111828,0.093,0.909808,0.422422,0.018091,1.055268,0.084761,0.178204
q_myopic_15,q_myopic,competitive,15,9,0.2462,1.9729,0.013,0.0,0.1671,2.170163837800607e-05,1.4647,1.9022,True,404008,1.586185,0.26329,0.409092,1.08293,0.020703,2.0,0.979297,0.672948,0.787286,0.987988,0.022632,0.206877,0.496,0.037546,0.063244,0.993994,-0.674384,0.37011,0.234462,0.024,0.538172,0.504505,0.060965,1.04395,0.082751,0.656692
q_myopic_16,q_myopic,competitive,16,11,0.2883,1.945,0.0186,0.0,0.0975,2.3763484643468318e-05,1.5225,1.9191,True,417104,1.649806,0.272272,0.468834,1.083647,0.072141,6.0,0.985572,0.780646,0.757069,0.815816,0.021752,0.25964,0.498,0.04783,0.05416,0.907908,0.118358,0.581596,0.112928,0.042,0.882302,0.501502,0.092015,1.078365,0.12982,0.434085
q_myopic_17,q_myopic,competitive,17,15,0.2196,2.0458,0.0323,0.0,0.2094,1.9834200958833314e-05,1.4268,1.9378,True,455959,1.516226,0.24395,0.241845,1.062681,0.029063,1.0,0.970937,0.459962,0.57322,0.973974,0.013895,0.346652,0.856,0.048087,0.065236,0.986987,-0.272968,0.425274,0.332748,0.069,0.771304,0.144144,0.060697,1.068146,0.057775,0.324782
q_myopic_18,q_myopic,competitive,18,9,0.209,2.0524,0.0421,0.0,0.1212,2.0821939631716672e-05,1.4088,1.9366,True,352350,1.556509,0.259891,0.366421,1.104844,0.076415,1.0,1.076415,0.767458,0.882518,0.964965,0.014597,0.356015,0.893,0.079018,0.143007,0.982482,-0.752357,0.376359,0.358168,0.041,0.765909,0.107107,0.140037,1.08453,0.152578,0.805539
q_myopic_19,q_myopic,competitive,19,11,0.206,1.9125,0.0148,0.0,0.1375,2.0642077205314146e-05,1.3965,1.8277,True,392854,1.448494,0.210838,0.169206,1.037228,0.062716,1.0,0.973122,0.875627,0.889009,0.990991,0.003858,0.321527,0.971,0.056464,0.072988,0.995495,-0.176495,0.499088,0.229184,0.026,0.828571,0.029029,0.142677,1.070278,0.142901,0.384429
q_myopic_20,q_myopic,competitive,20,15,0.2699,1.9985,0.0181,0.0,0.2,2.1584732037528687e-05,1.5028,1.9401,True,437206,1.511772,0.235315,0.024334,1.005995,0.031117,1.0,1.01867,0.578643,0.651783,0.980981,0.015523,0.297564,0.479,0.02869,0.039417,0.99049,-0.134007,0.308361,0.438334,0.029,0.422443,0.521522,0.039054,1.023008,0.037196,0.524121
q_myopic_21,q_myopic,competitive,21,9,0.2399,1.9831,0.0475,0.0,0.1728,2.361494354233124e-05,1.4559,1.9048,True,360196,1.498329,0.230344,0.12361,1.029156,0.043374,1.0,1.04794,0.551289,0.540226,0.935872,0.015371,0.359559,0.843,0.053941,0.06537,0.966967,-0.04264,0.464126,0.22428,0.044,0.805274,0.157157,0.022816,1.061902,0.112362,0.307856
q_myopic_22,q_myopic,competitive,22,11,0.2645,1.9163,0.043,0.0,0.1978,2.006859632349849e-05,1.4857,1.8774,True,390861,1.554641,0.244214,0.270768,1.046438,0.034198,1.0,0.9962,0.407115,0.386188,0.760761,0.015239,0.241894,0.687,0.034445,0.036033,0.88038,0.057869,0.424945,0.200972,0.048,0.831567,0.313313,0.047839,1.040949,0.060473,0.305805
q_myopic_23,q_myopic,competitive,23,15,0.2658,2.0499,0.017,0.0,0.0882,1.8804405228706945e-05,1.5016,1.9737,True,430973,1.604579,0.274084,0.323885,1.068605,0.058622,1.0,1.043329,0.832396,0.873258,0.978979,0.00797,0.277453,0.859,0.049748,0.06658,0.989489,-0.148817,0.54055,0.210498,0.049,0.523727,0.14014,0.00771,1.073427,0.100892,0.714172
q_myopic_24,q_myopic,competitive,24,9,0.2626,1.9369,0.0145,0.0,0.1634,2.3847107194515312e-05,1.4853,1.8902,True,340218,1.509838,0.230099,0.081099,1.016511,0.040337,1.0,1.040337,0.718429,0.825629,0.982983,0.006074,0.32178,0.954,0.046133,0.081451,0.991491,-0.666527,0.290231,0.443048,0.027,0.955769,0.046046,0.079087,1.044996,0.080445,0.65959
q_myopic_25,q_myopic,competitive,25,11,0.2807,1.9339,0.0456,0.0,0.1848,1.8104598320853303e-05,1.5105,1.9043,True,350111,1.565581,0.247171,0.211523,1.036453,0.024294,2.0,1.006073,0.26829,0.306168,0.688064,0.020436,0.271669,0.591,0.036097,0.038525,0.842342,-0.121543,0.395805,0.241568,0.044,0.860985,0.409409,0.014657,1.031398,0.045278,0.187595
q_myopic_26,q_myopic,competitive,26,15,0.2788,2.0499,0.0271,0.0,0.1352,2.0709053460685292e-05,1.5212,1.9843,True,397430,1.536078,0.24627,0.034975,1.009767,0.0,1.0,1.0,0.409079,0.027937,0.578947,0.010956,0.335923,0.86,0.041126,0.015313,0.18018,0.375309,0.251309,0.662884,0.048,0.697712,0.14014,0.010714,1.014178,0.064601,0.402684
q_myopic_27,q_myopic,competitive,27,9,0.2697,1.9213,0.0315,0.0,0.0987,2.3971358851766585e-05,1.4936,1.8856,True,371750,1.631121,0.268823,0.534711,1.092101,0.0,1.0,1.0,0.297336,0.102974,0.606061,0.005119,0.288402,0.947,0.021122,0.007722,0.106106,0.110732,0.130126,0.819788,0.026,0.847826,0.053053,0.002687,1.037631,0.0,0.259058
q_myopic_28,q_myopic,competitive,28,11,0.2366,1.907,0.0488,0.0,0.1977,2.0571773442124434e-05,1.4439,1.8468,True,382011,1.48886,0.222702,0.157439,1.031168,0.015573,2.0,1.017212,0.272768,0.181304,0.3833,0.020916,0.292301,0.605,0.038743,0.03134,0.688188,0.11827,0.341921,0.254448,0.05,0.861103,0.395395,0.013281,1.025444,0.048717,0.139434
q_myopic_29,q_myopic,competitive,29,15,0.2221,2.0669,0.0365,0.0,0.1447,1.9583899303378163e-05,1.4322,1.9556,True,454480,1.547708,0.257117,0.300372,1.080671,0.043786,1.0,1.043786,0.552797,0.63483,0.963964,0.019189,0.347834,0.782,0.056688,0.086915,0.981982,-0.390909,0.481146,0.270626,0.066,0.725202,0.218218,0.086026,1.069504,0.086959,0.424644
q_myopic_30,q_myopic,competitive,30,9,0.2091,1.982,0.0186,0.0,0.0964,1.972174620143966e-05,1.4057,1.8824,True,314620,1.404427,0.193882,-0.019509,0.999076,0.02565,1.0,0.97435,0.48881,0.528506,0.985986,0.007993,0.407298,0.961,0.045477,0.057588,0.992993,-0.109063,0.309415,0.434784,0.03,0.777778,0.039039,0.056778,1.034144,0.050912,0.28276
q_myopic_31,q_myopic,competitive,31,11,0.2586,1.9567,0.0171,0.0,0.1717,1.8024927534879166e-05,1.4817,1.9007,True,505140,1.555683,0.248927,0.263953,1.049966,0.04048,1.0,1.04048,0.796896,0.884119,0.976977,0.019363,0.29093,0.494,0.044106,0.079455,0.988488,-0.736693,0.335256,0.400674,0.035,0.857328,0.505506,0.079697,1.04406,0.080814,0.746162
q_myopic_32,q_myopic,competitive,32,15,0.252,2.0004,0.0183,0.0,0.0866,1.8792864396629916e-05,1.476,1.9269,True,428446,1.574001,0.261223,0.327892,1.066361,0.064566,1.0,1.021522,0.850899,0.887464,0.750751,0.008863,0.294606,0.725,0.041036,0.056203,0.875375,-0.394353,0.408901,0.222532,0.039,0.642,0.275275,0.097422,1.071034,0.098202,0.515557
q_myopic_33,q_myopic,competitive,33,9,0.2876,1.9537,0.0581,0.0,0.0884,1.8858118596773232e-05,1.5227,1.9244,True,436823,1.616564,0.262193,0.325461,1.061673,0.078649,2.0,1.014981,0.633007,0.651172,0.795386,0.021025,0.29822,0.714,0.061077,0.067801,0.895896,-0.018031,0.55667,0.142682,0.055,0.902273,0.286286,0.094713,1.090444,0.14911,0.40276
q_myopic_34,q_myopic,competitive,34,11,0.2942,2.0274,0.0523,0.0,0.1177,2.1524211707232134e-05,1.5411,1.9816,True,413911,1.618853,0.272755,0.266924,1.050424,0.0,1.0,1.0,0.235478,0.087762,0.659443,0.014203,0.261212,0.851,0.038781,0.020411,0.268268,0.126022,0.287517,0.561648,0.042,0.676508,0.149149,0.012112,1.044453,0.032652,0.179997
q_myopic_35,q_myopic,competitive,35,15,0.2887,1.9779,0.0381,0.0,0.1986,1.9279317393202882e-05,1.5273,1.9422,True,478716,1.586463,0.257459,0.213855,1.038715,0.036049,1.0,0.975216,0.611482,0.522974,0.564128,0.021541,0.291393,0.319,0.043126,0.042967,0.781281,0.120269,0.553007,0.115762,0.066,0.580994,0.681682,0.07807,1.042762,0.08966,0.26596
q_myopic_36,q_myopic,competitive,36,9,0.2754,2.0314,0.0298,0.0,0.1322,2.165939499309414e-05,1.5142,1.9682,True,366416,1.55935,0.252903,0.13056,1.029784,0.054774,1.0,1.054774,0.783548,0.884063,0.971972,0.026375,0.349342,0.5,0.059602,0.108164,0.985986,-0.729351,0.30817,0.421978,0.033,0.798668,0.500501,0.107244,1.06161,0.10917,0.745497
q_myopic_37,q_myopic,competitive,37,11,0.242,2.0993,0.0332,0.0,0.21,2.0260043827217055e-05,1.4675,1.993,True,355578,1.5459,0.25812,0.217719,1.053448,0.0,1.0,1.0,0.145266,0.013703,0.381295,0.008404,0.367163,0.933,0.030173,0.009882,0.096096,0.112383,0.119467,0.823118,0.032,0.781532,0.067067,0.004773,1.045956,0.0,0.169578
q_myopic_38,q_myopic,competitive,38,15,0.2404,1.9222,0.0464,0.0,0.1776,2.3694653865505557e-05,1.4511,1.8609,True,392938,1.529037,0.238091,0.275086,1.053692,0.02992,1.0,0.97008,0.598658,0.623823,0.816633,0.022878,0.298615,0.347,0.047187,0.057242,0.907407,-0.151081,0.575577,0.115962,0.072,0.437697,0.653654,0.057308,1.070973,0.114852,0.227048
q_myopic_39,q_myopic,competitive,39,9,0.2563,2.0491,0.0125,0.0,0.1715,2.080173354232874e-05,1.4869,1.9658,True,348494,1.45056,0.213912,-0.1343,0.975569,0.0,1.0,1.0,0.636884,0.276063,0.831461,0.004259,0.346671,0.961,0.033369,0.008081,0.081582,0.513193,0.114611,0.85633,0.017,0.75,0.039039,0.004974,1.008038,0.0,0.537724
q_myopic_40,q_myopic,competitive,40,11,0.2521,2.0452,0.0434,0.0,0.1211,1.914521201553648e-05,1.4801,1.9598,True,458234,1.596564,0.271214,0.343859,1.078714,0.061648,1.0,1.065274,0.694755,0.755513,0.716433,0.029135,0.288466,0.372,0.053893,0.073488,0.857357,-0.289847,0.444147,0.215788,0.054,0.667895,0.627628,0.015113,1.051847,0.108175,0.558601
q_myopic_41,q_myopic,competitive,41,15,0.2323,2.0523,0.0485,0.0,0.1644,2.0569525577908315e-05,1.4485,1.951,True,430317,1.520368,0.242138,0.181087,1.049602,0.039463,1.0,1.060988,0.327479,0.261872,0.752753,0.036824,0.368241,0.272,0.060606,0.060494,0.876376,0.086687,0.524331,0.158108,0.079,0.567473,0.727728,0.023064,1.039608,0.084979,0.199875
q_myopic_42,q_myopic,competitive,42,9,0.2044,1.9084,0.04,0.0,0.1029,2.0563792487221028e-05,1.3935,1.8236,True,320954,1.456402,0.212958,0.197694,1.045124,0.066855,1.0,1.022285,0.682563,0.719196,0.957874,0.012003,0.354324,0.902,0.058048,0.069739,0.976977,-0.04909,0.510348,0.203466,0.047,0.816327,0.098098,0.052011,1.078403,0.132871,0.386858
q_myopic_43,q_myopic,competitive,43,11,0.2338,2.0821,0.0361,0.0,0.1092,1.9937832895880024e-05,1.4528,1.9746,True,448681,1.468332,0.221452,0.016273,1.010673,0.021862,2.0,0.978138,0.482354,0.283503,0.93994,0.018506,0.426408,0.861,0.065174,0.058263,0.96997,0.296696,0.455468,0.295426,0.059,0.779581,0.138138,0.060345,1.048322,0.149243,0.296911
q_myopic_44,q_myopic,competitive,44,15,0.2908,1.9608,0.0385,0.0,0.1036,2.0260912938147415e-05,1.528,1.9322,True,462904,1.55343,0.243188,0.071497,1.016665,0.017171,1.0,1.005724,0.533295,0.12197,0.301301,0.024158,0.28999,0.39,0.050501,0.030535,0.650651,0.465425,0.475375,0.232694,0.073,0.512231,0.60961,0.029524,1.032272,0.111535,0.505656
q_myopic_45,q_myopic,competitive,45,9,0.2988,2.0301,0.043,0.0,0.0829,1.8373650518987034e-05,1.548,1.9877,True,299456,1.539519,0.242191,-0.073381,0.994519,0.0,1.0,1.0,0.413237,-0.163406,0.650909,0.01782,0.342694,0.853,0.056163,0.021418,0.227227,0.466654,0.286557,0.58004,0.039,0.765053,0.146146,0.018844,1.02359,0.107092,0.549097
q_myopic_46,q_myopic,competitive,46,11,0.2208,1.926,0.0538,0.0,0.1541,2.3451347433680946e-05,1.4213,1.8484,True,361835,1.45551,0.211005,0.093151,1.024078,0.044411,1.0,1.044411,0.56857,0.662903,0.980981,0.027679,0.352145,0.492,0.057361,0.090239,0.99049,-0.385781,0.377408,0.349832,0.048,0.958221,0.507508,0.091297,1.055807,0.088036,0.497993
q_myopic_47,q_myopic,competitive,47,15,0.2349,2.0471,0.0447,0.0,0.1807,2.064717154859997e-05,1.4525,1.9488,True,384725,1.531117,0.246943,0.210577,1.054119,0.071776,1.0,1.054887,0.659089,0.598669,0.713855,0.032035,0.361193,0.311,0.063781,0.060769,0.854354,0.109634,0.587289,0.120554,0.061,0.573348,0.688689,0.074,1.07511,0.152812,0.378978
q_myopic_48,q_myopic,competitive,48,9,0.2579,1.9501,0.047,0.0,0.207,2.2038200035818098e-05,1.48,1.8955,True,283979,1.462539,0.211703,-0.10694,0.988222,0.0,1.0,1.0,0.317742,0.073316,0.598326,0.015342,0.340926,0.895,0.050666,0.021543,0.191191,0.230495,0.214344,0.676816,0.027,0.795455,0.105105,0.014501,1.016769,0.085232,0.277261
q_myopic_49,q_myopic,competitive,49,11,0.2284,1.904,0.0351,0.0,0.1452,2.15600911321242e-05,1.4312,1.8381,True,357938,1.47576,0.218366,0.152562,1.031154,0.050037,1.0,1.050037,0.647222,0.59372,0.962963,0.009893,0.330861,0.901,0.048898,0.054514,0.981481,0.130199,0.532257,0.197074,0.054,0.72963,0.099099,0.071408,1.061329,0.099258,0.414852
q_myopic_50,q_myopic,competitive,50,15,0.2139,1.9168,0.0397,0.0,0.0923,2.345368881210039e-05,1.4095,1.8365,True,363144,1.538377,0.245178,0.428389,1.091455,0.087464,1.0,0.983935,0.726349,0.801147,0.723724,0.017535,0.309296,0.491,0.048525,0.059944,0.861862,-0.291094,0.656098,0.074032,0.062,0.781255,0.50951,0.104357,1.096199,0.11896,0.340456
q_myopic_51,q_myopic,competitive,51,9,0.2091,1.9182,0.0437,0.0,0.2173,2.3207721559847123e-05,1.4019,1.8342,True,255918,1.395495,0.185864,-0.057909,0.995414,0.0,1.0,1.0,0.471799,0.051716,0.504983,0.018537,0.371676,0.841,0.060122,0.026555,0.226727,0.398049,0.285222,0.573398,0.041,0.906953,0.159159,0.016903,1.02708,0.116149,0.4711
q_myopic_52,q_myopic,competitive,52,11,0.2162,1.952,0.0545,0.0,0.0825,2.1507306297031327e-05,1.4156,1.8644,True,423141,1.516139,0.238815,0.315545,1.070998,0.089441,4.0,0.982112,0.302838,0.352152,0.951952,0.014458,0.284183,0.893,0.043531,0.047008,0.975976,-0.049163,0.376091,0.368042,0.051,0.861538,0.107107,0.041274,1.044506,0.053284,0.139436
q_myopic_53,q_myopic,competitive,53,15,0.2641,2.066,0.0499,0.0,0.0907,2.319036370832844e-05,1.5004,1.9842,True,422763,1.667832,0.295953,0.481968,1.111589,0.059379,1.0,1.051957,0.652963,0.620547,0.685371,0.02245,0.323201,0.507,0.057445,0.058172,0.841842,0.143631,0.637677,0.102682,0.091,0.446705,0.493493,0.092375,1.101443,0.124308,0.435014
q_myopic_54,q_myopic,competitive,54,9,0.2283,2.029,0.0134,0.0,0.1791,2.2894062745882046e-05,1.4406,1.9307,True,282440,1.401022,0.192916,-0.138861,0.972557,0.0,1.0,1.0,0.376949,0.023095,0.588235,0.005668,0.419851,0.972,0.035076,0.008773,0.067568,0.366038,0.090602,0.88216,0.019,0.642857,0.028028,0.007241,1.006816,0.0,0.424219
q_myopic_55,q_myopic,competitive,55,11,0.2814,1.9182,0.018,0.0,0.0806,2.3447005347719542e-05,1.5095,1.8943,True,423968,1.622595,0.263982,0.458472,1.074932,0.109687,-1.0,0.97415,0.796878,0.802832,0.636856,0.005521,0.199194,0.858,0.027425,0.021022,0.302302,-0.137189,0.34675,0.44308,0.031,0.383529,0.142142,0.001931,1.037893,0.085369,0.677873
q_myopic_56,q_myopic,competitive,56,15,0.2728,2.025,0.0543,0.0,0.1667,1.8245242325254256e-05,1.5097,1.9615,True,488061,1.609413,0.27132,0.320082,1.066057,0.038048,1.0,0.998188,0.416073,0.423402,0.640562,0.029883,0.288728,0.303,0.047673,0.049855,0.817818,0.047567,0.624617,0.087996,0.087,0.625736,0.697698,0.045294,1.070634,0.084212,0.174739
q_myopic_57,q_myopic,competitive,57,9,0.2252,1.9948,0.0112,0.0,0.2136,1.821281555511037e-05,1.4332,1.9028,True,316870,1.391558,0.188158,-0.15178,0.970946,0.0,1.0,1.0,0.215921,-0.058898,0.617021,0.004505,0.404945,0.983,0.029238,0.00603,0.038038,0.224624,0.049713,0.93906,0.015,0.9375,0.017017,0.00396,1.003836,0.0,0.412554
q_myopic_58,q_myopic,competitive,58,11,0.2844,1.9471,0.0501,0.0,0.193,2.2710870015975866e-05,1.5174,1.9169,True,345464,1.56713,0.247687,0.176598,1.032786,0.015472,1.0,0.969056,0.425768,0.493892,0.843844,0.034325,0.275336,0.143,0.044289,0.058215,0.921922,-0.208916,0.433419,0.249752,0.05,0.47986,0.857858,0.065418,1.043779,0.076482,0.262712
q_myopic_59,q_myopic,competitive,59,15,0.248,1.9947,0.036,0.0,0.0864,1.8034750312419353e-05,1.4694,1.9196,True,450636,1.603337,0.271388,0.437084,1.09114,0.012073,1.0,1.012073,0.402246,0.413449,0.956957,0.011046,0.312852,0.868,0.035455,0.036689,0.978478,-0.054979,0.426094,0.33113,0.071,0.650517,0.132132,0.030968,1.095937,0.036098,0.200088
q_patient_1000,q_patient,collusive,1000,9,0.216,1.9616,0.0418,0.9518,0.2071,1.8583939250909e-05,1.416,1.8715,True,328548,1.727343,0.29084,0.711004,1.219906,0.199581,4.0,0.971488,0.420017,0.085089,0.965966,0.0915,0.316474,0.051,0.093719,0.113312,0.982983,0.020051,0.500384,0.23865,0.051,0.86673,0.948949,0.161533,1.229797,0.197796,0.412909
q_patient_1001,q_patient,collusive,1001,11,0.296,2.093,0.032,0.9145,0.1469,1.9716921685004918e-05,1.5511,2.0295,True,467223,1.798041,0.33236,0.69186,1.159201,0.142028,2.0,1.0,0.415196,0.049879,0.720165,0.042946,0.319302,0.027,0.042962,0.020456,0.209209,0.288546,0.260478,0.644746,0.046,0.429167,0.972973,0.048725,1.131286,0.079825,0.466039
q_patient_1002,q_patient,collusive,1002,15,0.2163,2.0735,0.0545,0.9579,0.17,1.9562722667861682e-05,1.4224,1.9571,True,479211,1.704981,0.310264,0.633792,1.198684,0.032796,1.0,0.967204,0.401265,0.249405,0.964965,0.047263,0.322614,0.37,0.075425,0.082752,0.982482,0.139702,0.558268,0.237092,0.092,0.862264,0.630631,0.098373,1.205157,0.149209,0.432843
q_patient_1003,q_patient,collusive,1003,9,0.2685,2.0941,0.0151,0.9101,0.09,2.2752235215738686e-05,1.5097,2.0082,True,282711,1.840109,0.345224,0.808826,1.218843,0.219779,3.0,1.0,0.77845,0.429842,0.73913,0.046443,0.243797,0.006,0.053741,0.016473,0.14014,0.557039,0.168387,0.76789,0.023,0.516216,0.993994,0.001624,1.228987,0.062981,0.799683
q_patient_1004,q_patient,collusive,1004,11,0.2229,1.9135,0.0433,0.9405,0.1229,1.99463305905051e-05,1.4235,1.8408,True,285432,1.693022,0.282692,0.757685,1.189328,0.20233,3.0,1.0,0.335078,-0.223548,0.535593,0.03058,0.295744,0.773,0.061559,0.032416,0.226727,0.240765,0.259289,0.584708,0.048,0.639807,0.227227,0.098313,1.182397,0.103511,0.748937
q_patient_1005,q_patient,collusive,1005,15,0.2279,1.937,0.0242,0.9018,0.1862,1.9735647957392494e-05,1.4333,1.8618,True,488467,1.66961,0.272767,0.603925,1.16489,0.154508,1.0,1.084871,0.839412,0.861064,0.974975,0.046532,0.286011,0.186,0.100936,0.15438,0.987487,-0.404924,0.651384,0.147886,0.072,0.542386,0.813814,0.08776,1.169887,0.26401,0.488728
q_patient_1006,q_patient,collusive,1006,9,0.2817,1.9852,0.0154,0.9343,0.1392,2.090958579444688e-05,1.5183,1.941,True,296479,1.85572,0.320188,0.898477,1.222215,0.177771,3.0,0.991535,0.289841,-0.395434,0.966967,0.052715,0.239146,0.019,0.046851,0.05564,0.983483,0.082176,0.336398,0.41253,0.031,0.974552,0.980981,0.020955,1.181594,0.017082,0.705031
q_patient_1007,q_patient,collusive,1007,11,0.2907,1.9129,0.0585,0.9366,0.1704,1.9914749499704866e-05,1.5214,1.8996,True,596561,1.648079,0.265489,0.471858,1.083242,0.075451,2.0,1.006859,0.06753,-0.173278,0.931932,0.047217,0.220253,0.435,0.040436,0.048959,0.965966,-0.065382,0.428164,0.306154,0.054,0.862108,0.564565,0.021327,1.077884,0.041297,0.309169
q_patient_1008,q_patient,collusive,1008,15,0.236,1.9192,0.0435,0.9161,0.1184,2.0147891372708147e-05,1.4442,1.8552,True,431063,1.651252,0.272031,0.629647,1.14335,0.113857,1.0,0.992056,0.715356,0.77292,0.948898,0.043049,0.255988,0.146,0.069975,0.09259,0.973473,-0.145408,0.706326,0.089558,0.097,0.519087,0.853854,0.111409,1.107339,0.170659,0.396914
q_patient_1009,q_patient,collusive,1009,9,0.2471,2.0667,0.0274,0.9529,0.1354,1.914555337553918e-05,1.4736,1.9721,True,296980,1.820112,0.338709,0.825107,1.235119,0.224088,3.0,1.0,0.085079,-0.084373,0.68323,0.055207,0.287534,0.003,0.044592,0.018503,0.135636,0.133377,0.160967,0.77958,0.028,0.42279,0.996997,0.000803,1.130538,0.0,0.335567
q_patient_1010,q_patient,collusive,1010,11,0.292,2.0433,0.0229,0.9525,0.1206,1.8674584402229423e-05,1.5399,1.9909,True,552305,1.838028,0.319832,0.708531,1.19361,0.173328,5.0,1.014444,-0.177137,-0.575084,0.965966,0.117115,0.265033,0.03,0.076221,0.116053,0.982983,-0.296595,0.424994,0.32187,0.049,0.936176,0.96997,0.065788,1.186658,0.147241,0.643872
q_patient_1011,q_patient,collusive,1011,15,0.2534,1.9592,0.0202,0.9244,0.1489,1.8270730163921363e-05,1.4743,1.8982,True,514944,1.756717,0.298474,0.764403,1.1916,0.169574,5.0,1.03597,0.324287,0.25006,0.975976,0.070313,0.248237,0.01,0.067309,0.096909,0.987988,-0.254343,0.488696,0.26482,0.055,0.709696,0.98999,0.019829,1.153682,0.103432,0.587046
q_patient_1012,q_patient,collusive,1012,9,0.224,2.041,0.0559,0.9211,0.1413,2.2497213587393877e-05,1.434,1.9369,True,304641,1.668531,0.291482,0.556322,1.163525,0.0,2.0,1.0,0.002678,-0.40873,0.757426,0.052395,0.36166,0.65,0.073722,0.054348,0.355355,-0.039346,0.382154,0.432126,0.039,0.866117,0.349349,0.105386,1.173815,0.113019,0.605416
q_patient_1013,q_patient,collusive,1013,11,0.2406,2.0671,0.0574,0.9652,0.2023,2.0678649839729578e-05,1.4632,1.9678,True,403269,1.706206,0.299267,0.543987,1.166077,0.190766,4.0,0.93063,0.529735,0.569757,0.902903,0.081448,0.319403,0.028,0.090872,0.127498,0.951451,-0.181395,0.477317,0.262746,0.063,0.52615,0.971972,0.105142,1.182388,0.19519,0.298567
q_patient_1014,q_patient,collusive,1014,15,0.2228,2.0354,0.0351,0.9215,0.0871,2.3785664197722338e-05,1.4317,1.9319,True,281801,1.680135,0.305329,0.662134,1.173498,0.127452,2.0,1.0,0.416282,0.433712,0.648746,0.017096,0.30619,0.793,0.039901,0.025644,0.23023,-0.179974,0.313477,0.600644,0.059,0.650913,0.207207,0.008245,1.097171,0.025516,0.248735
q_patient_1015,q_patient,collusive,1015,9,0.2254,2.0117,0.0217,0.9597,0.1165,2.2660341677269092e-05,1.4346,1.9157,True,229125,1.79371,0.328419,0.876964,1.250346,0.237971,6.0,1.0,0.791881,0.646302,0.698113,0.010259,0.241384,0.878,0.050221,0.01925,0.135135,0.332797,0.161526,0.77068,0.028,0.68539,0.122122,0.000306,1.229727,0.020115,0.448989
q_patient_1016,q_patient,collusive,1016,11,0.2812,1.9923,0.0459,0.9143,0.1752,2.1605356736990965e-05,1.5185,1.9455,True,385976,1.720755,0.295593,0.615002,1.133221,0.131199,4.0,1.0,0.101542,-0.256007,0.905906,0.064741,0.268016,0.081,0.054735,0.070276,0.952953,-0.100119,0.535712,0.200454,0.062,0.887292,0.918919,0.04596,1.108287,0.104228,0.504603
q_patient_1017,q_patient,collusive,1017,15,0.201,1.999,0.0249,0.9184,0.081,2.2441822008268552e-05,1.3927,1.8906,True,406973,1.637611,0.29225,0.657019,1.175876,0.0,1.0,1.0,0.709013,0.705683,0.777228,0.009278,0.182424,0.834,0.036289,0.020126,0.17968,-0.090064,0.227223,0.69819,0.038,0.633562,0.165165,0.004051,1.129717,0.0,0.122815
q_patient_1018,q_patient,collusive,1018,9,0.2366,1.942,0.0459,0.9284,0.1148,1.8140762589549172e-05,1.4473,1.8723,True,299282,1.647038,0.275619,0.606445,1.13804,0.157679,3.0,0.976109,0.164485,-0.036899,0.554774,0.060342,0.309643,0.013,0.05436,0.054358,0.774274,0.008892,0.478219,0.162274,0.045,0.553933,0.986987,0.078784,1.146456,0.096763,0.313176
q_patient_1019,q_patient,collusive,1019,11,0.2646,2.065,0.0405,0.9571,0.1129,1.9853343736541317e-05,1.5011,1.9838,True,292492,1.815541,0.335204,0.801726,1.209456,0.21819,4.0,1.0,0.766735,0.519872,0.783688,0.012794,0.287139,0.844,0.058933,0.026539,0.251752,0.444321,0.279401,0.601164,0.038,0.589583,0.156156,0.093341,1.201728,0.111665,0.508029
q_patient_1020,q_patient,collusive,1020,15,0.2474,1.903,0.0185,0.9685,0.1923,2.1851080584473073e-05,1.4595,1.853,True,322790,1.685606,0.28245,0.775588,1.154885,0.099788,3.0,1.0,0.318276,0.283193,0.66,0.008684,0.160079,0.891,0.025411,0.011878,0.124625,-0.152947,0.184607,0.771906,0.033,0.597789,0.109109,0.002337,1.095798,0.0,0.135817
q_patient_1021,q_patient,collusive,1021,9,0.2451,1.9598,0.0545,0.9282,0.1271,1.85360147685967e-05,1.4618,1.8919,True,293026,1.700299,0.286663,0.655812,1.163178,0.185243,3.0,1.055573,0.616979,0.610151,0.942943,0.052361,0.303541,0.061,0.077018,0.109004,0.971471,-0.176552,0.436931,0.294262,0.045,0.534723,0.938939,0.087243,1.171797,0.170742,0.380548
q_patient_1022,q_patient,collusive,1022,11,0.2313,1.9576,0.0586,0.9052,0.1673,1.8795285407566245e-05,1.4403,1.8796,True,497257,1.592115,0.255085,0.400305,1.105391,0.131189,4.0,0.967203,-0.137502,-0.405916,0.913914,0.095221,0.331088,0.021,0.064847,0.094488,0.956957,-0.284324,0.40353,0.31963,0.051,0.909659,0.978979,0.055027,1.098689,0.100982,0.456227
q_patient_1023,q_patient,collusive,1023,15,0.2341,2.0198,0.0162,0.9238,0.1299,2.331721620026384e-05,1.4493,1.9278,True,250140,1.71655,0.312902,0.741972,1.184399,0.142276,3.0,1.0,0.617424,0.459685,0.744526,0.007884,0.262815,0.895,0.034969,0.013202,0.11962,0.19773,0.158664,0.799888,0.037,0.574815,0.104104,0.001512,1.141336,0.0,0.285864
q_patient_1024,q_patient,collusive,1024,9,0.212,1.9958,0.0478,0.9541,0.0888,2.3115922633630254e-05,1.4114,1.8948,True,424376,1.615812,0.269684,0.495063,1.144824,0.028957,1.0,1.015592,-0.181621,-0.385824,0.921844,0.069336,0.359024,0.564,0.059816,0.079334,0.95996,-0.192718,0.488926,0.223238,0.044,0.82354,0.436436,0.022383,1.097822,0.089756,0.670596
q_patient_1025,q_patient,collusive,1025,11,0.2874,1.9014,0.0112,0.9046,0.0868,2.2102058586431472e-05,1.5153,1.8885,True,248582,1.760299,0.289659,0.849747,1.161683,0.16456,2.0,1.0,0.422744,-0.073018,0.990991,0.027199,0.152661,0.003,0.027348,0.030206,0.995495,0.102127,0.324556,0.42744,0.031,0.953343,0.996997,0.000529,1.139234,0.0,0.504492
q_patient_1026,q_patient,collusive,1026,15,0.2014,1.9929,0.0303,0.9016,0.1143,2.2018654622460458e-05,1.3931,1.8861,True,264584,1.696366,0.30797,0.771993,1.217703,0.19607,3.0,1.0,0.782771,0.685516,0.700893,0.011956,0.199274,0.842,0.05043,0.022191,0.190691,0.340084,0.225286,0.69206,0.049,0.616593,0.158158,0.001656,1.188034,0.099637,0.423315
q_patient_1027,q_patient,collusive,1027,9,0.2929,2.0582,0.0257,0.9619,0.1334,2.389496905170475e-05,1.5428,2.0021,True,338003,1.791266,0.325714,0.723917,1.161078,0.133476,4.0,1.0,0.433706,0.099081,0.47619,0.046317,0.192345,0.005,0.035266,0.012977,0.124124,0.283284,0.152344,0.755784,0.026,0.521852,0.994995,0.000645,1.144045,0.038469,0.522917
q_patient_1028,q_patient,collusive,1028,11,0.255,2.0692,0.0438,0.9411,0.1888,2.266095174879215e-05,1.4864,1.9796,True,368281,1.877229,0.330185,0.754469,1.262908,0.281211,6.0,0.985199,0.77367,0.252224,0.21608,0.04997,0.315268,0.367,0.106043,0.055369,0.605606,0.657902,0.446439,0.226362,0.058,0.311742,0.632633,0.165047,1.254583,0.267978,0.801949
q_patient_1029,q_patient,collusive,1029,15,0.2054,2.0078,0.0464,0.9117,0.17,2.1137251248222532e-05,1.4006,1.9,True,460866,1.669962,0.292036,0.636648,1.192289,0.187222,6.0,0.950074,0.689727,0.706564,0.97998,0.051796,0.307544,0.014,0.083243,0.109621,0.98999,-0.084882,0.669488,0.12884,0.09,0.502823,0.985986,0.092452,1.217082,0.205029,0.31344
q_patient_1030,q_patient,collusive,1030,9,0.2551,2.0344,0.0284,0.9328,0.1227,1.9408279996077716e-05,1.4838,1.9541,True,370633,1.70432,0.307676,0.653749,1.148581,0.16415,2.0,1.0,0.757555,0.691663,0.647059,0.00596,0.248345,0.937,0.03875,0.016573,0.126126,0.142944,0.131728,0.795796,0.023,0.903571,0.063063,0.001061,1.186175,0.0,0.215404
q_patient_1031,q_patient,collusive,1031,11,0.2376,1.9823,0.0168,0.956,0.1965,2.3916347059340132e-05,1.4521,1.9024,True,382822,1.721929,0.292734,0.663221,1.185837,0.184749,4.0,1.050101,0.337646,0.332998,0.98999,0.085086,0.282471,0.183,0.085365,0.095681,0.994995,0.175873,0.594218,0.167144,0.048,0.751071,0.817818,0.194947,1.136489,0.204007,0.756576
q_patient_1032,q_patient,collusive,1032,15,0.2686,1.9319,0.0308,0.9364,0.2066,2.1270512952007125e-05,1.4933,1.892,True,408122,1.726493,0.281975,0.658406,1.156129,0.149453,2.0,0.928692,0.400023,0.539577,0.753507,0.066539,0.277082,0.129,0.074149,0.085744,0.875876,0.076842,0.677256,0.103196,0.083,0.630999,0.870871,0.077792,1.134751,0.148437,0.398999
q_patient_1033,q_patient,collusive,1033,9,0.2358,2.0629,0.0254,0.9346,0.1654,2.2852515106598798e-05,1.4549,1.9613,True,270847,1.663282,0.301731,0.574954,1.1432,0.068222,2.0,0.977259,0.630367,0.623395,0.957958,0.008631,0.228345,0.905,0.036354,0.051178,0.978979,-0.290007,0.313976,0.396046,0.029,0.969388,0.095095,0.042426,1.096085,0.045669,0.396855
q_patient_1034,q_patient,collusive,1034,11,0.2438,1.9301,0.0263,0.9036,0.2129,1.9081706416847584e-05,1.457,1.8694,True,300351,1.671186,0.280892,0.679735,1.147034,0.167363,5.0,1.007277,0.590723,-0.142082,0.92993,0.045545,0.17768,0.059,0.053576,0.050749,0.964965,0.392952,0.402698,0.350086,0.04,0.951288,0.940941,0.022876,1.180448,0.13326,0.70821
q_patient_1035,q_patient,collusive,1035,15,0.2013,2.0235,0.0358,0.9067,0.0837,2.2167903242751474e-05,1.3942,1.9097,True,358853,1.667668,0.299518,0.661079,1.19619,0.069068,3.0,0.957244,0.535205,0.616281,0.983984,0.043194,0.264992,0.287,0.060969,0.089073,0.991992,-0.332963,0.609501,0.118942,0.061,0.706111,0.712713,0.074369,1.130493,0.119246,0.578995
q_patient_1036,q_patient,collusive,1036,9,0.209,2.0849,0.0355,0.9011,0.1101,1.873333060508904e-05,1.4101,1.9619,True,296651,1.836207,0.34071,0.796317,1.302211,0.109319,2.0,1.0,0.257281,-0.191856,0.679045,0.076812,0.360622,0.095,0.081811,0.051034,0.316817,0.216158,0.317966,0.463798,0.034,0.524274,0.904905,0.103794,1.241481,0.135233,0.473774
q_patient_1037,q_patient,collusive,1037,11,0.2725,2.0618,0.0293,0.9637,0.1559,2.3972778255722664e-05,1.513,1.9878,True,391146,1.79372,0.325508,0.725936,1.185544,0.195484,5.0,1.023458,0.258295,-0.04109,0.22022,0.062352,0.285874,0.01,0.061183,0.063527,0.61011,-0.013334,0.384222,0.31334,0.057,0.527035,0.98999,0.068204,1.178149,0.111173,0.303252
q_patient_1038,q_patient,collusive,1038,15,0.2689,1.9606,0.0571,0.9009,0.1741,2.24377205199611e-05,1.497,1.9124,True,415933,1.694916,0.287723,0.636367,1.132171,0.138782,5.0,0.99486,0.652896,0.589555,0.954955,0.029866,0.252034,0.287,0.055482,0.061222,0.977477,0.157556,0.6155,0.132974,0.088,0.579059,0.712713,0.081979,1.123267,0.157521,0.2087
q_patient_1039,q_patient,collusive,1039,9,0.2187,2.0424,0.0587,0.9357,0.1384,2.0697261295324646e-05,1.4251,1.9346,True,267140,1.680071,0.296598,0.595068,1.178881,0.191169,5.0,1.056226,0.464044,0.492738,0.906907,0.076009,0.363898,0.021,0.075633,0.113286,0.953453,-0.279637,0.364963,0.349212,0.039,0.519858,0.978979,0.08968,1.158179,0.113718,0.228287
q_patient_1040,q_patient,collusive,1040,11,0.2778,1.9261,0.0217,0.9106,0.1849,2.0734704705684474e-05,1.5055,1.8963,True,287076,1.712332,0.287035,0.727638,1.137413,0.149586,3.0,1.0,0.676904,0.336507,0.669065,0.031578,0.24649,0.005,0.030816,0.010445,0.116116,0.355663,0.135439,0.802682,0.026,0.525389,0.994995,0.001629,1.114272,0.0,0.49871
q_patient_1041,q_patient,collusive,1041,15,0.2055,1.9412,0.0557,0.9312,0.2097,2.3308356476586244e-05,1.3974,1.849,True,433060,1.611849,0.261914,0.539183,1.153463,0.158146,4.0,0.982428,0.520381,0.349452,0.726727,0.072889,0.336227,0.031,0.089124,0.100897,0.863363,-0.012498,0.71245,0.06147,0.111,0.536586,0.968969,0.147253,1.175166,0.204138,0.250022
q_patient_1042,q_patient,collusive,1042,9,0.2064,2.0364,0.0238,0.9467,0.1958,1.9412680980867995e-05,1.4035,1.9226,True,505671,1.736192,0.298191,0.627601,1.237011,0.196857,7.0,1.043746,0.796486,0.81188,0.499499,0.059018,0.358773,0.261,0.12938,0.140263,0.74975,-0.046735,0.45255,0.171774,0.035,0.7324,0.73974,0.198169,1.248555,0.291503,0.208554
q_patient_1043,q_patient,collusive,1043,11,0.2541,1.9789,0.0399,0.9413,0.1581,2.1804551989482514e-05,1.4773,1.913,True,232092,1.725105,0.302686,0.748544,1.167755,0.119677,3.0,1.0,0.552995,0.342389,0.729242,0.014759,0.303061,0.781,0.042386,0.022601,0.23974,0.240337,0.27568,0.603354,0.046,0.674675,0.219219,0.065298,1.102713,0.106071,0.418554
q_patient_1044,q_patient,collusive,1044,15,0.2956,2.0416,0.0582,0.9228,0.0971,2.018701612727476e-05,1.5447,1.9928,True,319161,1.778662,0.318976,0.702018,1.151438,0.106255,3.0,1.0,0.719967,0.749123,0.773756,0.016453,0.280689,0.657,0.04942,0.039282,0.392392,-0.102478,0.487165,0.33255,0.072,0.613262,0.343343,0.10076,1.114494,0.15114,0.12793
q_patient_1045,q_patient,collusive,1045,9,0.211,1.9758,0.0502,0.9454,0.1263,2.1975945241722977e-05,1.4086,1.8789,True,258078,1.686818,0.299606,0.748242,1.197556,0.164616,2.0,1.0,0.662189,0.505425,0.616,0.013384,0.292765,0.872,0.052532,0.027003,0.202202,0.223602,0.217748,0.658526,0.033,0.813433,0.128128,0.090208,1.177891,0.104559,0.377616
q_patient_1046,q_patient,collusive,1046,11,0.2579,2.09,0.0161,0.9503,0.0872,2.2009301782615714e-05,1.4927,1.9972,True,243578,1.79626,0.341456,0.791057,1.203403,0.134136,2.0,1.0,0.596726,0.497821,0.586538,0.006,0.202235,0.934,0.029419,0.010392,0.082583,0.095394,0.095561,0.860132,0.022,0.760417,0.065065,0.000726,1.149029,0.0,0.201913
q_patient_1047,q_patient,collusive,1047,15,0.2027,1.9383,0.0144,0.9119,0.0997,1.8663737814712254e-05,1.3926,1.845,True,483010,1.683704,0.282969,0.709237,1.209029,0.091437,2.0,0.908563,0.95805,0.977312,0.982983,0.005136,0.299404,0.938,0.094643,0.176802,0.991491,-0.800885,0.326756,0.431792,0.041,0.656798,0.062062,0.166402,1.166062,0.184248,0.851886
q_patient_1048,q_patient,collusive,1048,9,0.2304,2.0334,0.0283,0.9005,0.2,2.3430131554381562e-05,1.4442,1.9354,True,303287,1.834248,0.331427,0.847943,1.27005,0.058975,1.0,1.0,0.589326,0.23058,0.612546,0.056317,0.321354,0.014,0.068502,0.030961,0.218719,0.379172,0.248926,0.60541,0.037,0.509432,0.985986,0.109882,1.248813,0.140592,0.572726
q_patient_1049,q_patient,collusive,1049,11,0.2681,1.9522,0.0231,0.9218,0.1638,2.2286046135609232e-05,1.495,1.9058,True,479709,1.688746,0.283972,0.620823,1.129585,0.157163,2.0,1.0,0.239573,-0.339791,0.733696,0.048425,0.262704,0.044,0.051018,0.029628,0.319319,0.250394,0.384817,0.458496,0.049,0.471238,0.955956,0.045704,1.123411,0.087568,0.700658
q_patient_1050,q_patient,collusive,1050,15,0.2719,2.0447,0.0214,0.9376,0.1134,1.8410269069621477e-05,1.5103,1.9748,True,278457,1.808252,0.332127,0.828755,1.197259,0.043699,3.0,1.0,0.662101,0.60074,0.778443,0.006672,0.198164,0.895,0.032248,0.012232,0.148649,0.28569,0.193571,0.753558,0.038,0.465723,0.105105,0.001052,1.11405,0.033027,0.280378
q_patient_1051,q_patient,collusive,1051,9,0.216,2.0713,0.0375,0.9288,0.1073,2.1536206341002886e-05,1.4219,1.9553,True,326032,1.759864,0.322529,0.712487,1.237692,0.190109,5.0,1.07828,0.759796,0.822159,0.921922,0.039188,0.363692,0.41,0.088476,0.147602,0.960961,-0.506906,0.371344,0.350538,0.043,0.250543,0.590591,0.125796,1.121955,0.159115,0.682578
q_patient_1052,q_patient,collusive,1052,11,0.2992,2.0848,0.0138,0.9376,0.1865,2.129819260054982e-05,1.5548,2.0264,True,460844,1.888518,0.337463,0.757658,1.214611,0.212749,8.0,0.964542,0.154233,-0.210001,0.968969,0.08474,0.299646,0.045,0.077474,0.097542,0.984484,0.023778,0.523983,0.2384,0.037,0.958894,0.954955,0.019718,1.252602,0.089894,0.765444
q_patient_1053,q_patient,collusive,1053,15,0.2741,2.048,0.0542,0.9404,0.2001,2.197235937730828e-05,1.5139,1.979,True,329944,1.815587,0.324771,0.753985,1.199249,0.221928,2.0,1.0,0.800924,0.653565,0.7,0.033328,0.307377,0.104,0.080133,0.042834,0.297798,0.357089,0.355184,0.52246,0.062,0.449395,0.895896,0.152631,1.237256,0.186622,0.417624
q_patient_1054,q_patient,collusive,1054,9,0.2979,2.0825,0.0191,0.9525,0.1624,2.1132843638178197e-05,1.5527,2.0236,True,428307,1.806357,0.332885,0.722308,1.163376,0.096853,1.0,1.0,0.645263,0.186995,0.571429,0.042902,0.195543,0.039,0.037986,0.010472,0.11011,0.576541,0.164482,0.777772,0.023,0.525107,0.960961,0.001247,1.172265,0.0,0.710099
q_patient_1055,q_patient,collusive,1055,11,0.2691,2.0646,0.0533,0.9443,0.175,1.9700993853943514e-05,1.508,1.987,True,532826,1.727024,0.307962,0.575253,1.145263,0.098686,3.0,1.0,0.087329,-0.0043,0.712934,0.082946,0.299565,0.015,0.049724,0.026538,0.271772,0.255638,0.298814,0.560394,0.05,0.44026,0.984985,0.058827,1.138033,0.049928,0.380456
q_patient_1056,q_patient,collusive,1056,15,0.2809,2.0304,0.0405,0.9404,0.2154,2.3878403188273462e-05,1.5222,1.9721,True,374498,1.778887,0.308611,0.645005,1.168601,0.190246,4.0,0.926016,0.346792,0.312697,0.955956,0.067766,0.281817,0.192,0.078543,0.091574,0.977978,0.077329,0.686352,0.130814,0.09,0.362041,0.807808,0.079011,1.158815,0.162587,0.31761
q_patient_1057,q_patient,collusive,1057,9,0.2131,1.9845,0.0481,0.9269,0.1996,2.3244480692723693e-05,1.4126,1.8869,True,413170,1.607218,0.265265,0.478688,1.137764,0.131247,7.0,1.019364,0.127843,-0.208549,0.778894,0.081981,0.35413,0.101,0.075313,0.08388,0.885886,0.029748,0.580029,0.110974,0.067,0.785215,0.898899,0.075341,1.177293,0.132799,0.494173
q_patient_1058,q_patient,collusive,1058,11,0.2925,2.0943,0.0327,0.9419,0.0827,2.391160583431892e-05,1.5461,2.0276,True,255833,1.838301,0.344733,0.799968,1.188997,0.187927,3.0,1.0,0.293679,0.241017,0.477124,0.011126,0.188571,0.89,0.029846,0.01271,0.113113,0.00199,0.140606,0.791056,0.031,0.666444,0.11011,0.002043,1.119287,0.0,0.12265
q_patient_1059,q_patient,collusive,1059,15,0.2672,2.0756,0.0558,0.9645,0.2028,2.2427209459757668e-05,1.5061,1.9936,True,359354,1.775789,0.323303,0.679242,1.179088,0.132796,4.0,1.016027,0.678368,0.61103,0.704705,0.044638,0.282369,0.015,0.075759,0.078177,0.852352,0.163167,0.586821,0.150402,0.094,0.721555,0.985986,0.095939,1.168284,0.188246,0.372147
br_noisy_2000,br_noisy,competitive,2000,9,0.2213,1.9925,0.0499,,,,1.4267,1.8984,True,-1,1.460266,0.215326,0.07467,1.023523,0.0,1.0,1.0,0.094334,-0.409604,0.64604,0.031203,0.387614,0.668,0.051656,0.031646,0.332833,0.070404,0.29902,0.385446,0.038,0.939806,0.331331,0.015428,1.058519,0.072678,0.490377
br_noisy_2001,br_noisy,competitive,2001,11,0.2318,1.9722,0.045,,,,1.4423,1.8908,True,-1,1.477095,0.21808,0.064143,1.02413,0.018892,1.0,1.0,0.018423,-0.388966,0.73127,0.047001,0.364346,0.473,0.061147,0.048415,0.532032,-0.02756,0.415088,0.219134,0.058,0.935317,0.526527,0.022937,1.03742,0.091087,0.44203
br_noisy_2002,br_noisy,competitive,2002,15,0.2526,2.0761,0.0224,,,,1.4831,1.983,True,-1,1.534553,0.247686,0.12736,1.034691,0.02821,-1.0,0.985895,-0.038063,-0.411618,0.648438,0.028842,0.362968,0.686,0.050084,0.029122,0.316817,-0.045842,0.288513,0.443154,0.045,0.959064,0.314314,0.013295,1.039697,0.069801,0.453834
br_noisy_2003,br_noisy,competitive,2003,9,0.2483,1.94,0.0584,,,,1.4646,1.8802,True,-1,1.490939,0.224868,0.085253,1.017951,0.0,1.0,1.0,-0.052988,-0.388285,0.678862,0.016179,0.334442,0.795,0.032398,0.016111,0.206707,-0.033645,0.16918,0.636428,0.027,0.947113,0.205205,0.006123,1.025223,0.020903,0.376634
br_noisy_2004,br_noisy,competitive,2004,11,0.2478,2.0812,0.0437,,,,1.4758,1.9833,True,-1,1.506571,0.234109,0.043831,1.020869,0.0,1.0,1.02137,-0.016732,-0.466095,0.752613,0.046814,0.404262,0.492,0.062386,0.046395,0.503504,-0.014781,0.371869,0.260378,0.055,0.943018,0.508509,0.019774,1.035108,0.101066,0.458289
br_noisy_2005,br_noisy,competitive,2005,15,0.209,2.024,0.0387,,,,1.4076,1.9146,True,-1,1.452009,0.215757,0.111259,1.031548,0.01528,-1.0,0.98472,0.032506,-0.435539,0.748677,0.022237,0.359152,0.666,0.039706,0.022155,0.330831,0.023819,0.262587,0.450002,0.048,0.967427,0.333333,0.012597,1.02104,0.044894,0.502501
br_noisy_2006,br_noisy,competitive,2006,9,0.2138,2.0743,0.0283,,,,1.4181,1.9563,True,-1,1.440558,0.211953,0.045843,1.015846,0.0,1.0,1.0,0.017955,-0.570764,0.874269,0.023426,0.392294,0.679,0.037507,0.023393,0.320821,0.036433,0.190577,0.496496,0.022,0.984393,0.321321,0.00645,1.025577,0.028021,0.595284
br_noisy_2007,br_noisy,competitive,2007,11,0.2397,2.0641,0.059,,,,1.4615,1.9649,True,-1,1.493363,0.228735,0.049485,1.02181,0.0,1.0,1.0,0.041105,-0.434677,0.721495,0.043364,0.404515,0.535,0.062146,0.043812,0.460961,0.024569,0.35442,0.305496,0.058,0.952742,0.465465,0.024462,1.036086,0.080903,0.487024
br_noisy_2008,br_noisy,competitive,2008,15,0.2044,1.957,0.0585,,,,1.3964,1.8603,True,-1,1.464315,0.212159,0.148129,1.048636,0.014105,-1.0,0.985895,-0.053086,-0.439126,0.731944,0.057166,0.353045,0.37,0.068499,0.056326,0.624124,-0.030908,0.505202,0.148626,0.09,0.918985,0.62963,0.034316,1.038775,0.108629,0.412343
br_noisy_2009,br_noisy,competitive,2009,9,0.274,2.0914,0.0307,,,,1.518,2.0104,True,-1,1.558658,0.25669,0.102646,1.026805,0.0,1.0,1.0,0.042657,-0.377708,0.622283,0.028104,0.379137,0.704,0.046902,0.02825,0.298799,0.038179,0.243766,0.496034,0.037,0.928437,0.295295,0.012367,1.035201,0.047392,0.406564
br_noisy_2010,br_noisy,competitive,2010,11,0.2636,1.9448,0.0256,,,,1.4876,1.8966,True,-1,1.502835,0.228742,0.050887,1.010232,0.0,1.0,1.0,-0.002241,-0.349314,0.384615,0.009372,0.29389,0.891,0.025653,0.009283,0.108108,0.001513,0.104489,0.795246,0.022,0.948276,0.109109,0.004851,1.004708,0.016327,0.380502
br_noisy_2011,br_noisy,competitive,2011,15,0.2509,2.0608,0.0154,,,,1.4794,1.9705,True,-1,1.521533,0.243199,0.112429,1.028491,0.027794,-1.0,0.986103,0.065154,-0.348232,0.740659,0.024345,0.331973,0.604,0.041891,0.02448,0.396396,0.053653,0.306251,0.352714,0.05,0.952124,0.396396,0.009631,1.033391,0.041497,0.434207
br_noisy_2012,br_noisy,competitive,2012,9,0.2621,1.9358,0.0158,,,,1.4845,1.889,True,-1,1.528161,0.232872,0.115249,1.029397,0.0,1.0,1.0,-0.011109,-0.309652,0.63621,0.044067,0.317599,0.513,0.056796,0.043892,0.483984,-0.02553,0.379488,0.254386,0.048,0.921988,0.487487,0.032,1.058228,0.09925,0.312398
br_noisy_2013,br_noisy,competitive,2013,11,0.2273,2.0838,0.0366,,,,1.4418,1.9717,True,-1,1.48062,0.224533,0.063347,1.026907,0.0,1.0,1.0,0.023374,-0.421923,0.63908,0.041009,0.386476,0.646,0.064372,0.040857,0.356857,0.024598,0.294633,0.418884,0.045,0.93501,0.354354,0.018832,1.042226,0.085884,0.465514
br_noisy_2014,br_noisy,competitive,2014,15,0.2251,2.0777,0.0135,,,,1.4377,1.9657,True,-1,1.491973,0.2325,0.125784,1.037732,0.03067,-1.0,0.984665,0.070557,-0.365796,0.742092,0.028358,0.363954,0.649,0.050026,0.029419,0.358358,0.024743,0.299216,0.42287,0.057,0.954625,0.351351,0.012673,1.026958,0.060659,0.433339
br_noisy_2015,br_noisy,competitive,2015,9,0.2071,1.9139,0.0562,,,,1.3983,1.8296,True,-1,1.445051,0.203571,0.102808,1.033415,0.0,1.0,1.0,-0.061537,-0.435732,0.645833,0.049062,0.358115,0.516,0.061199,0.048416,0.474474,-0.053238,0.359711,0.283432,0.046,0.931762,0.484484,0.022415,1.041445,0.089529,0.413067
br_noisy_2016,br_noisy,competitive,2016,11,0.2536,2.0518,0.0191,,,,1.4828,1.9657,True,-1,1.533635,0.241482,0.096377,1.034258,0.0,1.0,1.0,0.008852,-0.368013,0.649755,0.054331,0.377827,0.495,0.069212,0.054348,0.504505,0.001516,0.412415,0.247328,0.066,0.910427,0.504505,0.027437,1.047907,0.094457,0.416375
br_noisy_2017,br_noisy,competitive,2017,15,0.2001,1.927,0.0246,,,,1.3876,1.8348,True,-1,1.423973,0.19932,0.091339,1.026239,0.013686,1.0,1.0,-0.018039,-0.473875,0.869427,0.033137,0.349943,0.409,0.046417,0.032833,0.587588,-0.014856,0.378035,0.208704,0.063,0.961068,0.590591,0.011506,1.030986,0.040378,0.531305
br_noisy_2018,br_noisy,competitive,2018,9,0.2714,1.9226,0.0116,,,,1.496,1.8879,True,-1,1.532367,0.233827,0.109268,1.024276,0.0,1.0,1.0,0.048558,-0.341278,0.634652,0.034026,0.306886,0.562,0.048198,0.034194,0.434434,0.019642,0.33722,0.314848,0.046,0.938623,0.438438,0.014494,1.031028,0.076721,0.399973
br_noisy_2019,br_noisy,competitive,2019,11,0.2173,2.0958,0.034,,,,1.4251,1.975,True,-1,1.452024,0.213756,0.034894,1.018925,0.0,1.0,1.024084,0.044966,-0.453057,0.70045,0.03745,0.409039,0.624,0.060027,0.038261,0.377878,0.017606,0.303306,0.37484,0.043,0.978721,0.376376,0.009542,1.059824,0.090898,0.509366
br_noisy_2020,br_noisy,competitive,2020,15,0.2155,1.9117,0.0334,,,,1.4117,1.8339,True,-1,1.456601,0.209996,0.121882,1.031781,0.012708,-1.0,0.987292,-0.062571,-0.407269,0.762852,0.036545,0.32297,0.469,0.050569,0.036582,0.532032,-0.066099,0.38298,0.24979,0.062,0.962264,0.530531,0.015306,1.02304,0.06211,0.376876
br_noisy_2021,br_noisy,competitive,2021,9,0.2144,1.9937,0.0594,,,,1.4152,1.8947,True,-1,1.468225,0.215117,0.10247,1.037475,0.0,1.0,1.0,0.03129,-0.419125,0.655766,0.052026,0.391909,0.522,0.069397,0.052568,0.481481,0.017161,0.366786,0.268406,0.048,0.928922,0.478478,0.031472,1.046338,0.122472,0.443095
br_noisy_2022,br_noisy,competitive,2022,11,0.2301,2.0856,0.0321,,,,1.4468,1.9749,True,-1,1.479581,0.224755,0.05211,1.022674,0.0,1.0,1.02273,-0.028069,-0.465101,0.622166,0.03709,0.385467,0.672,0.059474,0.036978,0.322322,-0.033245,0.281825,0.453904,0.045,0.96042,0.328328,0.01699,1.037827,0.064244,0.492717
br_noisy_2023,br_noisy,competitive,2023,15,0.2354,2.0844,0.0272,,,,1.4556,1.9773,True,-1,1.493969,0.234715,0.096312,1.026338,0.029954,-1.0,0.985023,-0.014746,-0.465492,0.843177,0.023168,0.359192,0.547,0.036207,0.023026,0.452953,0.003995,0.28278,0.339156,0.044,0.977914,0.452452,0.005828,1.015935,0.029933,0.473311
br_noisy_2024,br_noisy,competitive,2024,9,0.2632,1.9136,0.0256,,,,1.4834,1.8743,True,-1,1.522946,0.230855,0.124402,1.026635,0.0,1.0,1.0,0.033961,-0.276355,0.590022,0.031071,0.26951,0.635,0.04738,0.031815,0.366867,-0.009683,0.292746,0.407,0.039,0.937827,0.365365,0.015613,1.033443,0.057752,0.351045
br_noisy_2025,br_noisy,competitive,2025,11,0.2865,1.936,0.0339,,,,1.5188,1.9112,True,-1,1.536394,0.237125,0.059861,1.01157,0.0,1.0,1.0,-0.026549,-0.34925,0.427861,0.012536,0.275855,0.856,0.029449,0.012365,0.143644,-0.005851,0.131724,0.733388,0.022,0.944348,0.144144,0.006091,1.00637,0.015325,0.398881
br_noisy_2026,br_noisy,competitive,2026,15,0.2294,2.0881,0.054,,,,1.4456,1.9763,True,-1,1.488865,0.232687,0.10457,1.0299,0.030658,-1.0,0.984671,0.00543,-0.471875,0.745283,0.020651,0.366585,0.723,0.040134,0.020641,0.277778,0.009578,0.272854,0.44302,0.039,0.964148,0.277277,0.009165,1.035329,0.030549,0.484646
br_noisy_2027,br_noisy,competitive,2027,9,0.251,1.9948,0.0522,,,,1.4741,1.922,True,-1,1.508935,0.233015,0.088818,1.023651,0.0,1.0,1.0,-0.030589,-0.457853,0.684834,0.031038,0.356248,0.646,0.047725,0.031025,0.355856,-0.031466,0.264029,0.429244,0.03,0.960704,0.353353,0.013934,1.031487,0.066796,0.461359
br_noisy_2028,br_noisy,competitive,2028,11,0.252,1.9954,0.0271,,,,1.4757,1.9232,True,-1,1.490431,0.227262,0.032636,1.010016,0.0,1.0,1.0,-0.044489,-0.476319,0.775316,0.019857,0.360374,0.72,0.036158,0.019732,0.280781,-0.021023,0.218501,0.528826,0.038,0.964286,0.28028,0.014438,1.02242,0.036037,0.446173
br_noisy_2029,br_noisy,competitive,2029,15,0.2418,2.0474,0.0523,,,,1.4637,1.9539,True,-1,1.507609,0.237478,0.115922,1.029989,0.028032,-1.0,0.985984,-0.021172,-0.395538,0.723744,0.024606,0.390134,0.62,0.042004,0.023878,0.377878,0.035142,0.272638,0.40991,0.044,0.968676,0.38038,0.008912,1.020228,0.0418,0.416156
br_noisy_2030,br_noisy,competitive,2030,9,0.2208,2.089,0.0294,,,,1.4309,1.9717,True,-1,1.477156,0.22303,0.07812,1.032336,0.0,1.0,1.0,0.048194,-0.424129,0.698413,0.046573,0.439369,0.571,0.066584,0.046867,0.428428,0.043758,0.323281,0.329924,0.047,0.941553,0.429429,0.024755,1.042184,0.109842,0.476884
br_noisy_2031,br_noisy,competitive,2031,11,0.2584,1.9692,0.0137,,,,1.4827,1.9095,True,-1,1.506568,0.230734,0.063751,1.016103,0.0,1.0,1.0,-0.01951,-0.379749,0.433657,0.021043,0.305956,0.779,0.041052,0.020826,0.221722,0.003933,0.194089,0.60969,0.03,0.874343,0.221221,0.010322,1.027938,0.033995,0.416259
br_noisy_2032,br_noisy,competitive,2032,15,0.2651,2.0322,0.0243,,,,1.4989,1.9603,True,-1,1.537232,0.247831,0.123307,1.025605,0.025821,-1.0,0.98709,0.044879,-0.301308,0.687783,0.01163,0.308754,0.816,0.028999,0.012041,0.186687,0.002396,0.160775,0.667674,0.031,0.97811,0.183183,0.004331,1.016663,0.0,0.401225
br_noisy_2033,br_noisy,competitive,2033,9,0.2778,2.0156,0.0376,,,,1.5162,1.9591,True,-1,1.542458,0.246892,0.083524,1.017321,0.0,1.0,1.0,-0.057088,-0.390504,0.64876,0.014901,0.344539,0.8,0.03014,0.01483,0.1997,-0.037433,0.159447,0.646432,0.021,0.959984,0.2002,0.005157,1.024804,0.021534,0.396626
br_noisy_2034,br_noisy,competitive,2034,11,0.2303,2.0674,0.0547,,,,1.446,1.9611,True,-1,1.472049,0.222083,0.04225,1.017979,0.0,1.0,1.0,-0.047807,-0.52704,0.688279,0.032833,0.377869,0.663,0.052701,0.032908,0.338839,-0.047766,0.262927,0.44916,0.034,0.976243,0.337337,0.014189,1.032692,0.062978,0.529129
br_noisy_2035,br_noisy,competitive,2035,15,0.2472,1.9443,0.0258,,,,1.4634,1.8824,True,-1,1.517716,0.231662,0.152002,1.037111,0.01217,-1.0,0.98783,-0.042706,-0.358065,0.676971,0.042163,0.307587,0.459,0.05563,0.042099,0.543043,-0.035333,0.447753,0.204172,0.078,0.924107,0.540541,0.027873,1.041369,0.083995,0.355153
br_noisy_2036,br_noisy,competitive,2036,9,0.2573,2.0182,0.0584,,,,1.4858,1.944,True,-1,1.52202,0.240057,0.100844,1.02437,0.023309,1.0,1.0,0.095834,-0.342574,0.591054,0.022533,0.316101,0.755,0.043168,0.023098,0.249249,0.072565,0.216977,0.559508,0.034,0.946751,0.244244,0.010398,1.032329,0.045157,0.424279
br_noisy_2037,br_noisy,competitive,2037,11,0.2244,2.003,0.0312,,,,1.4325,1.9085,True,-1,1.468412,0.21683,0.065523,1.025087,0.0,1.0,1.0,0.014127,-0.415984,0.614108,0.040648,0.35008,0.609,0.061313,0.040669,0.389389,0.012721,0.332449,0.360396,0.055,0.941116,0.39039,0.021436,1.038895,0.07974,0.432046
br_noisy_2038,br_noisy,competitive,2038,15,0.2311,2.0965,0.0457,,,,1.449,1.9838,True,-1,1.519652,0.240987,0.145729,1.048747,0.030824,-1.0,0.984588,0.08275,-0.362183,0.729469,0.048537,0.392159,0.461,0.067628,0.048616,0.537538,0.080452,0.457912,0.209284,0.09,0.916206,0.538539,0.02421,1.054306,0.105581,0.438284
br_noisy_2039,br_noisy,competitive,2039,9,0.294,1.9306,0.0342,,,,1.5284,1.9148,True,-1,1.560966,0.242099,0.101769,1.021303,0.0,1.0,1.0,-0.008168,-0.286758,0.596372,0.028921,0.29701,0.649,0.045174,0.028857,0.352352,-0.005927,0.271556,0.422098,0.034,0.951365,0.35035,0.014297,1.027798,0.055689,0.319278
grim_cartel_3000,grim_cartel,collusive,3000,9,0.2048,1.9277,0.0115,,,,1.3955,1.8384,True,-1,1.696319,0.281736,0.72226,1.21556,0.219453,7.0,1.0,0.983822,0.92359,0.584337,0.004308,0.117483,0.939,0.106426,0.023089,0.131632,0.788085,0.256052,0.508764,0.011,0.834096,0.061061,0.112211,1.196573,0.234965,0.799922
grim_cartel_3001,grim_cartel,collusive,3001,11,0.2991,2.0945,0.0405,,,,1.5558,2.0332,True,-1,1.967774,0.354099,0.882505,1.264783,0.226478,9.0,1.0,0.990409,0.9257,0.243056,0.002446,0.116457,0.933,0.075789,0.008481,0.08959,0.868201,0.184325,0.678928,0.013,0.647459,0.067067,0.043762,1.257068,0.232914,0.876024
grim_cartel_3002,grim_cartel,collusive,3002,15,0.2182,1.9782,0.0249,,,,1.4206,1.8855,True,-1,1.845431,0.320685,0.900999,1.299013,0.252711,7.0,1.0,0.995128,0.971339,0.300885,0.001468,0.064778,0.952,0.076335,0.009035,0.073574,0.827486,0.154124,0.745166,0.013,0.57672,0.048048,0.000153,1.305114,0.032389,0.832043
grim_cartel_3003,grim_cartel,collusive,3003,9,0.2522,2.0832,0.0459,,,,1.4831,1.988,True,-1,1.856591,0.338196,0.78327,1.251843,0.231532,7.0,1.0,0.98118,0.904173,0.353982,0.005711,0.122388,0.898,0.102554,0.020786,0.153153,0.805084,0.266092,0.519528,0.014,0.697917,0.102102,0.115936,1.230889,0.244775,0.806892
grim_cartel_3004,grim_cartel,collusive,3004,11,0.2048,2.06,0.0351,,,,1.4018,1.9402,True,-1,1.747467,0.309527,0.65949,1.246624,0.267897,8.0,1.0,0.989647,0.949917,0.467249,0.005694,0.110921,0.899,0.140189,0.030756,0.168168,0.798975,0.301736,0.438664,0.016,0.710796,0.101101,0.113601,1.237121,0.295789,0.807038
grim_cartel_3005,grim_cartel,collusive,3005,15,0.2678,2.0916,0.0134,,,,1.5084,2.0058,True,-1,1.896555,0.339244,0.768402,1.257331,0.254166,10.0,1.0,0.996691,0.97528,0.485714,0.001708,0.06744,0.957,0.112587,0.013794,0.078078,0.867723,0.221041,0.590742,0.012,0.791304,0.043043,0.084924,1.263282,0.269759,0.867882
grim_cartel_3006,grim_cartel,collusive,3006,9,0.211,1.966,0.0225,,,,1.408,1.8715,True,-1,1.80963,0.3184,0.91127,1.285228,0.225662,6.0,1.0,0.982973,0.914401,0.321739,0.002535,0.115241,0.949,0.066455,0.009498,0.076076,0.79968,0.1507,0.751042,0.013,0.680952,0.051051,0.000587,1.26442,0.038414,0.800851
grim_cartel_3007,grim_cartel,collusive,3007,11,0.2446,1.964,0.0244,,,,1.4614,1.8945,True,-1,1.860395,0.31854,0.940573,1.273018,0.22048,6.0,1.0,0.988214,0.939817,0.276596,0.001509,0.083812,0.958,0.053315,0.006208,0.06006,0.802855,0.117694,0.817022,0.014,0.652778,0.042042,0.000213,1.265517,0.0,0.810544
grim_cartel_3008,grim_cartel,collusive,3008,15,0.2177,2.0072,0.0578,,,,1.4216,1.9071,True,-1,1.859989,0.3291,0.88917,1.30842,0.260931,7.0,1.0,0.994444,0.966897,0.216216,0.002461,0.067129,0.908,0.083298,0.010998,0.112613,0.825698,0.191095,0.669892,0.013,0.63319,0.092092,0.065351,1.314836,0.268516,0.834641
grim_cartel_3009,grim_cartel,collusive,3009,9,0.2712,2.0416,0.0315,,,,1.509,1.9721,True,-1,1.793285,0.311836,0.657138,1.188415,0.213859,11.0,1.0,0.985847,0.900031,0.454545,0.004377,0.11621,0.931,0.111543,0.017875,0.12012,0.858732,0.282083,0.457876,0.014,0.794425,0.069069,0.064454,1.170454,0.23242,0.861237
grim_cartel_3010,grim_cartel,collusive,3010,11,0.2201,2.0388,0.037,,,,1.4273,1.9327,True,-1,1.846035,0.333448,0.846571,1.293363,0.25237,7.0,1.0,0.990839,0.951413,0.366013,0.002957,0.098566,0.934,0.095464,0.014964,0.104605,0.817782,0.206512,0.637496,0.015,0.802174,0.066066,0.128593,1.284268,0.262842,0.8264
grim_cartel_3011,grim_cartel,collusive,3011,15,0.2532,1.9691,0.0557,,,,1.4749,1.9052,True,-1,1.80056,0.299548,0.746468,1.220771,0.231531,6.0,1.0,0.994258,0.977332,0.376812,0.003543,0.081925,0.876,0.105544,0.025586,0.19019,0.749763,0.288103,0.475346,0.015,0.66897,0.124124,0.135633,1.225879,0.245774,0.750006
grim_cartel_3012,grim_cartel,collusive,3012,9,0.2055,1.9129,0.0418,,,,1.3957,1.8277,True,-1,1.678508,0.274506,0.697409,1.202651,0.215289,7.0,1.0,0.982571,0.92229,0.452675,0.005791,0.154437,0.895,0.107386,0.026281,0.176677,0.774922,0.296938,0.44367,0.015,0.710526,0.105105,0.107437,1.18432,0.231655,0.786057
grim_cartel_3013,grim_cartel,collusive,3013,11,0.2518,2.0939,0.0212,,,,1.4831,1.9957,True,-1,1.879926,0.343085,0.794755,1.26757,0.247841,5.0,1.0,0.987082,0.955214,0.589888,0.004057,0.098156,0.931,0.106044,0.027118,0.141642,0.717446,0.234605,0.57078,0.014,0.869949,0.069069,0.175903,1.258869,0.261748,0.723196
grim_cartel_3014,grim_cartel,collusive,3014,15,0.2875,2.0219,0.0518,,,,1.5309,1.9719,True,-1,1.875431,0.319523,0.770696,1.225022,0.229271,5.0,1.0,0.993645,0.978752,0.407942,0.003486,0.080611,0.881,0.100303,0.02806,0.195195,0.695519,0.277665,0.50243,0.018,0.73196,0.119119,0.1745,1.230083,0.241832,0.696901
grim_cartel_3015,grim_cartel,collusive,3015,9,0.287,2.0753,0.0447,,,,1.5359,2.0093,True,-1,1.919176,0.344724,0.853443,1.249518,0.214559,12.0,1.0,0.98512,0.849201,0.225166,0.003404,0.110995,0.926,0.080693,0.008407,0.092593,0.898557,0.210748,0.630244,0.016,0.611403,0.074074,0.060888,1.230555,0.221989,0.906899
grim_cartel_3016,grim_cartel,collusive,3016,11,0.2334,1.9297,0.033,,,,1.4412,1.8607,True,-1,1.824349,0.306511,0.932627,1.265818,0.217404,5.0,1.0,0.985836,0.941102,0.278195,0.002097,0.082777,0.939,0.055787,0.008673,0.085085,0.753012,0.139939,0.767116,0.012,0.702922,0.061061,0.000554,1.258492,0.013796,0.760513
grim_cartel_3017,grim_cartel,collusive,3017,15,0.2462,1.9948,0.0423,,,,1.4666,1.9182,True,-1,1.809309,0.306837,0.747692,1.233668,0.241343,6.0,1.0,0.995488,0.981999,0.473934,0.002738,0.064182,0.913,0.110228,0.025977,0.155656,0.748509,0.262675,0.51933,0.014,0.851587,0.087087,0.151012,1.239119,0.25673,0.752651
grim_cartel_3018,grim_cartel,collusive,3018,9,0.2067,2.0836,0.0305,,,,1.4059,1.9597,True,-1,1.873682,0.356598,0.887784,1.332734,0.257978,5.0,1.0,0.973864,0.899965,0.345679,0.004611,0.133004,0.928,0.084517,0.016598,0.109109,0.747229,0.183326,0.68478,0.013,0.663651,0.072072,0.091856,1.306992,0.266007,0.75425
grim_cartel_3019,grim_cartel,collusive,3019,11,0.3,2.0541,0.0463,,,,1.5525,2.0055,True,-1,1.888955,0.329037,0.763266,1.216733,0.217831,7.0,1.0,0.988648,0.944876,0.352697,0.004317,0.115112,0.891,0.098455,0.020424,0.163163,0.79584,0.276571,0.493918,0.016,0.690476,0.109109,0.113934,1.209673,0.230225,0.799307
grim_cartel_3020,grim_cartel,collusive,3020,15,0.2931,2.073,0.0109,,,,1.5447,2.0129,True,-1,1.892737,0.33094,0.732651,1.225299,0.238435,7.0,1.0,0.996684,0.984749,0.590604,0.001929,0.063603,0.945,0.111265,0.022283,0.118619,0.787433,0.242088,0.53902,0.012,0.881793,0.055055,0.120359,1.230627,0.254412,0.79023
grim_cartel_3021,grim_cartel,collusive,3021,9,0.2547,1.9735,0.0445,,,,1.4777,1.9096,True,-1,1.832093,0.313445,0.866374,1.239857,0.205888,9.0,1.0,0.981115,0.866564,0.231707,0.003642,0.106084,0.919,0.073789,0.009557,0.101101,0.860387,0.204845,0.641808,0.014,0.520727,0.081081,0.06009,1.221998,0.212167,0.867223
grim_cartel_3022,grim_cartel,collusive,3022,11,0.2681,2.0498,0.0322,,,,1.5052,1.9755,True,-1,1.929815,0.34471,0.922895,1.28212,0.229666,5.0,1.0,0.988038,0.951702,0.29078,0.002252,0.087746,0.937,0.062952,0.010159,0.091091,0.751315,0.149601,0.747828,0.013,0.606481,0.063063,0.000463,1.274157,0.014624,0.753742
grim_cartel_3023,grim_cartel,collusive,3023,15,0.2606,1.9103,0.0408,,,,1.4793,1.8697,True,-1,1.804016,0.28921,0.821108,1.21948,0.214118,4.0,1.0,0.992898,0.981155,0.466926,0.003005,0.055644,0.889,0.08407,0.026439,0.188689,0.620901,0.249533,0.557322,0.017,0.737049,0.111111,0.210212,1.224095,0.222577,0.621631
grim_cartel_3024,grim_cartel,collusive,3024,9,0.2203,1.9351,0.0453,,,,1.4211,1.8548,True,-1,1.767799,0.299045,0.843682,1.243938,0.212914,7.0,1.0,0.977912,0.873944,0.324742,0.004563,0.11039,0.911,0.081659,0.014034,0.128629,0.820364,0.228734,0.59995,0.017,0.599272,0.089089,0.099609,1.225243,0.220779,0.82315
grim_cartel_3025,grim_cartel,collusive,3025,11,0.224,1.9087,0.0517,,,,1.4249,1.8381,True,-1,1.740635,0.284169,0.784555,1.221578,0.216789,7.0,1.0,0.990621,0.951613,0.328947,0.003789,0.085463,0.896,0.094175,0.018307,0.151652,0.802704,0.262365,0.52012,0.014,0.605769,0.104104,0.106966,1.214533,0.227902,0.803763
grim_cartel_3026,grim_cartel,collusive,3026,15,0.2634,1.9498,0.0328,,,,1.4879,1.9,True,-1,1.784813,0.291063,0.709629,1.199549,0.222387,7.0,1.0,0.995797,0.981372,0.478049,0.002573,0.059367,0.913,0.106587,0.022949,0.151652,0.781494,0.276562,0.488654,0.016,0.807143,0.087087,0.109987,1.204314,0.237469,0.782585
grim_cartel_3027,grim_cartel,collusive,3027,9,0.2181,2.0923,0.0156,,,,1.4264,1.9727,True,-1,1.708374,0.301746,0.552942,1.197697,0.25276,12.0,1.0,0.98629,0.910407,0.576159,0.005229,0.143917,0.942,0.142557,0.025307,0.119119,0.843237,0.28302,0.44417,0.014,0.841615,0.058058,0.070481,1.17519,0.287833,0.85389
grim_cartel_3028,grim_cartel,collusive,3028,11,0.249,2.0175,0.04,,,,1.4728,1.937,True,-1,1.840618,0.321437,0.811978,1.249726,0.231172,7.0,1.0,0.988204,0.936678,0.372222,0.003632,0.090793,0.921,0.095233,0.016541,0.123624,0.814376,0.23653,0.579592,0.016,0.675163,0.079079,0.117066,1.241898,0.242114,0.819138
grim_cartel_3029,grim_cartel,collusive,3029,15,0.2937,2.0947,0.0329,,,,1.548,2.0289,True,-1,1.897034,0.335313,0.715475,1.225496,0.242976,9.0,1.0,0.996544,0.978729,0.372973,0.002434,0.065185,0.921,0.116234,0.018836,0.127127,0.837579,0.265463,0.507748,0.014,0.609435,0.079079,0.097245,1.230959,0.260742,0.83821
grim_cartel_3030,grim_cartel,collusive,3030,9,0.2903,1.9455,0.0265,,,,1.5253,1.9213,True,-1,1.855066,0.305809,0.879276,1.216209,0.187446,7.0,1.0,0.983893,0.908605,0.341463,0.00237,0.09607,0.947,0.064298,0.009072,0.082583,0.82633,0.176594,0.70013,0.012,0.607857,0.053053,0.0545,1.200622,0.192141,0.830572
grim_cartel_3031,grim_cartel,collusive,3031,11,0.2181,1.9942,0.0568,,,,1.4215,1.8976,True,-1,1.768629,0.30542,0.74836,1.244232,0.242077,6.0,1.0,0.986882,0.946569,0.410072,0.00575,0.096907,0.877,0.112433,0.028503,0.196196,0.753145,0.296736,0.462726,0.02,0.756581,0.122122,0.144969,1.235953,0.25842,0.753606
grim_cartel_3032,grim_cartel,collusive,3032,15,0.2005,1.9977,0.0414,,,,1.3917,1.8893,True,-1,1.78868,0.311664,0.786411,1.285225,0.269865,6.0,1.0,0.994309,0.975014,0.386364,0.00341,0.071529,0.903,0.115883,0.024583,0.152653,0.766152,0.254721,0.543394,0.014,0.708333,0.097097,0.159796,1.291823,0.286115,0.771531
grim_cartel_3033,grim_cartel,collusive,3033,9,0.2973,2.0039,0.0349,,,,1.5426,1.9681,True,-1,1.924025,0.330263,0.943162,1.247232,0.196681,4.0,1.0,0.969887,0.908423,0.289855,0.002587,0.099505,0.938,0.046712,0.008931,0.089089,0.676946,0.130759,0.78338,0.013,0.680921,0.062062,0.000579,1.230267,0.0,0.704162
grim_cartel_3034,grim_cartel,collusive,3034,11,0.2684,2.0535,0.0115,,,,1.506,1.9785,True,-1,1.942125,0.348348,0.943264,1.289628,0.230367,4.0,1.0,0.984472,0.95033,0.4,0.001693,0.087583,0.961,0.054377,0.009439,0.066567,0.678143,0.112846,0.822384,0.011,0.747283,0.039039,0.000666,1.281586,0.0,0.696206
grim_cartel_3035,grim_cartel,collusive,3035,15,0.203,2.0619,0.0515,,,,1.3985,1.9407,True,-1,1.731297,0.300256,0.604266,1.237954,0.286199,9.0,1.0,0.994991,0.974103,0.382671,0.004939,0.107363,0.873,0.156136,0.032671,0.191692,0.810613,0.327591,0.396116,0.017,0.652488,0.127127,0.107254,1.244848,0.322089,0.813572
grim_cartel_3036,grim_cartel,collusive,3036,9,0.274,2.0778,0.0364,,,,1.5168,2.0006,True,-1,1.821828,0.32392,0.673702,1.20113,0.22031,11.0,1.0,0.989731,0.927455,0.374332,0.004103,0.119499,0.921,0.113581,0.018222,0.128629,0.858607,0.284793,0.457454,0.014,0.708333,0.079079,0.070645,1.182275,0.238997,0.86039
grim_cartel_3037,grim_cartel,collusive,3037,11,0.2194,1.9595,0.0436,,,,1.4215,1.8723,True,-1,1.847056,0.321865,0.963123,1.299412,0.232297,5.0,1.0,0.973919,0.893774,0.151079,0.002431,0.087878,0.93,0.044243,0.005952,0.08008,0.756705,0.113766,0.803256,0.011,0.556658,0.07007,0.000409,1.291221,0.0,0.774015
grim_cartel_3038,grim_cartel,collusive,3038,15,0.2339,2.0469,0.0398,,,,1.4508,1.948,True,-1,1.862887,0.33133,0.816467,1.284028,0.261559,7.0,1.0,0.995535,0.976667,0.350282,0.002539,0.068626,0.918,0.105061,0.017288,0.11962,0.80967,0.228759,0.59159,0.014,0.741627,0.082082,0.131366,1.290344,0.274504,0.81532
grim_cartel_3039,grim_cartel,collusive,3039,9,0.2649,1.9457,0.013,,,,1.4897,1.8984,True,-1,1.76327,0.290461,0.714548,1.183654,0.195864,10.0,1.0,0.988495,0.919558,0.552,0.002886,0.1043,0.952,0.095875,0.014582,0.097097,0.85542,0.251846,0.51538,0.013,0.870629,0.048048,0.064047,1.167637,0.208601,0.858247
