run_id,regime,label,t,price_0,price_1
br_noisy_2016,br_noisy,competitive,0,1.4924946078922607,1.4924946078922607
br_noisy_2016,br_noisy,competitive,1,1.4924946078922607,1.4924946078922607
br_noisy_2016,br_noisy,competitive,2,1.4924946078922607,1.4924946078922607
br_noisy_2016,br_noisy,competitive,3,2.0139980574802725,1.7822187465522672
br_noisy_2016,br_noisy,competitive,4,1.6083842633562633,1.7242739188202658
br_noisy_2016,br_noisy,competitive,5,1.6083842633562633,1.550439435624262
br_noisy_2016,br_noisy,competitive,6,1.4924946078922607,1.550439435624262
br_noisy_2016,br_noisy,competitive,7,1.4924946078922607,1.4924946078922607
br_noisy_2016,br_noisy,competitive,8,1.4924946078922607,1.4924946078922607
br_noisy_2016,br_noisy,competitive,9,1.4924946078922607,1.4924946078922607
br_noisy_2016,br_noisy,competitive,10,1.4924946078922607,1.4924946078922607
br_noisy_2016,br_noisy,competitive,11,1.4924946078922607,2.0139980574802725
br_noisy_2016,br_noisy,competitive,12,1.7242739188202658,1.4924946078922607
br_noisy_2016,br_noisy,competitive,13,1.4924946078922607,1.6083842633562633
br_noisy_2016,br_noisy,competitive,14,1.4345497801602594,1.4924946078922607
br_noisy_2016,br_noisy,competitive,15,1.8401635742842688,1.4345497801602594
br_noisy_2016,br_noisy,competitive,16,1.4345497801602594,1.6663290910882649
br_noisy_2016,br_noisy,competitive,17,1.550439435624262,1.4345497801602594
br_noisy_2016,br_noisy,competitive,18,1.550439435624262,1.4924946078922607
br_noisy_2016,br_noisy,competitive,19,1.4924946078922607,1.4924946078922607
br_noisy_2016,br_noisy,competitive,20,1.4924946078922607,1.4924946078922607
br_noisy_2016,br_noisy,competitive,21,1.4924946078922607,1.4924946078922607
br_noisy_2016,br_noisy,competitive,22,1.4924946078922607,1.6083842633562633
br_noisy_2016,br_noisy,competitive,23,1.7242739188202658,1.4924946078922607
br_noisy_2016,br_noisy,competitive,24,1.4924946078922607,1.6083842633562633
br_noisy_2016,br_noisy,competitive,25,1.550439435624262,1.4924946078922607
br_noisy_2016,br_noisy,competitive,26,1.9560532297482711,1.4924946078922607
br_noisy_2016,br_noisy,competitive,27,1.4924946078922607,1.6663290910882649
br_noisy_2016,br_noisy,competitive,28,1.550439435624262,1.4924946078922607
br_noisy_2016,br_noisy,competitive,29,1.4924946078922607,1.4924946078922607
br_noisy_2016,br_noisy,competitive,30,1.4924946078922607,1.4924946078922607
br_noisy_2016,br_noisy,competitive,31,1.4924946078922607,1.4924946078922607
br_noisy_2016,br_noisy,competitive,32,1.8981084020162695,1.4924946078922607
br_noisy_2016,br_noisy,competitive,33,1.4924946078922607,1.6663290910882649
br_noisy_2016,br_noisy,competitive,34,1.550439435624262,1.4924946078922607
br_noisy_2016,br_noisy,competitive,35,1.4924946078922607,1.7242739188202658
br_noisy_2016,br_noisy,competitive,36,1.9560532297482711,1.9560532297482711
br_noisy_2016,br_noisy,competitive,37,1.6663290910882649,1.6663290910882649
br_noisy_2016,br_noisy,competitive,38,1.550439435624262,1.550439435624262
br_noisy_2016,br_noisy,competitive,39,1.4924946078922607,1.4924946078922607
br_noisy_2016,br_noisy,competitive,40,1.9560532297482711,1.4924946078922607
br_noisy_2016,br_noisy,competitive,41,1.4924946078922607,1.6663290910882649
br_noisy_2016,br_noisy,competitive,42,1.550439435624262,1.4924946078922607
br_noisy_2016,br_noisy,competitive,43,1.4924946078922607,1.4924946078922607
br_noisy_2016,br_noisy,competitive,44,1.4924946078922607,1.4924946078922607
br_noisy_2016,br_noisy,competitive,45,1.4924946078922607,1.8401635742842688
br_noisy_2016,br_noisy,competitive,46,1.6663290910882649,1.4924946078922607
br_noisy_2016,br_noisy,competitive,47,1.4924946078922607,1.550439435624262
br_noisy_2016,br_noisy,competitive,48,1.4924946078922607,1.4924946078922607
br_noisy_2016,br_noisy,competitive,49,1.8401635742842688,1.4924946078922607
br_noisy_2016,br_noisy,competitive,50,1.4924946078922607,1.6663290910882649
br_noisy_2016,br_noisy,competitive,51,1.6083842633562633,1.4924946078922607
br_noisy_2016,br_noisy,competitive,52,1.4924946078922607,1.550439435624262
br_noisy_2016,br_noisy,competitive,53,1.4924946078922607,1.6083842633562633
br_noisy_2016,br_noisy,competitive,54,1.7242739188202658,1.4924946078922607
br_noisy_2016,br_noisy,competitive,55,2.0139980574802725,1.6083842633562633
br_noisy_2016,br_noisy,competitive,56,1.550439435624262,1.7242739188202658
br_noisy_2016,br_noisy,competitive,57,1.6083842633562633,1.4924946078922607
br_noisy_2016,br_noisy,competitive,58,1.4924946078922607,1.550439435624262
br_noisy_2016,br_noisy,competitive,59,1.4924946078922607,1.6663290910882649
br_noisy_2016,br_noisy,competitive,60,1.550439435624262,1.4924946078922607
br_noisy_2016,br_noisy,competitive,61,1.4924946078922607,1.4924946078922607
br_noisy_2016,br_noisy,competitive,62,1.4924946078922607,1.4924946078922607
br_noisy_2016,br_noisy,competitive,63,1.4924946078922607,1.4924946078922607
br_noisy_2016,br_noisy,competitive,64,1.4924946078922607,1.6663290910882649
br_noisy_2016,br_noisy,competitive,65,1.550439435624262,1.4924946078922607
br_noisy_2016,br_noisy,competitive,66,1.4924946078922607,1.4924946078922607
br_noisy_2016,br_noisy,competitive,67,1.4924946078922607,1.4924946078922607
br_noisy_2016,br_noisy,competitive,68,1.8401635742842688,1.4924946078922607
br_noisy_2016,br_noisy,competitive,69,1.4924946078922607,1.8981084020162695
br_noisy_2016,br_noisy,competitive,70,1.6663290910882649,1.4924946078922607
br_noisy_2016,br_noisy,competitive,71,1.4924946078922607,1.7242739188202658
br_noisy_2016,br_noisy,competitive,72,1.8401635742842688,1.4924946078922607
br_noisy_2016,br_noisy,competitive,73,1.4924946078922607,1.6663290910882649
br_noisy_2016,br_noisy,competitive,74,1.550439435624262,1.4924946078922607
br_noisy_2016,br_noisy,competitive,75,1.4924946078922607,1.4924946078922607
br_noisy_2016,br_noisy,competitive,76,1.4924946078922607,1.4924946078922607
br_noisy_2016,br_noisy,competitive,77,1.4924946078922607,1.4924946078922607
br_noisy_2016,br_noisy,competitive,78,1.9560532297482711,1.4924946078922607
br_noisy_2016,br_noisy,competitive,79,1.4924946078922607,1.6663290910882649
br_noisy_2016,br_noisy,competitive,80,1.550439435624262,1.7822187465522672
br_noisy_2016,br_noisy,competitive,81,1.7242739188202658,1.4924946078922607
br_noisy_2016,br_noisy,competitive,82,1.4924946078922607,1.6083842633562633
br_noisy_2016,br_noisy,competitive,83,1.550439435624262,1.8401635742842688
br_noisy_2016,br_noisy,competitive,84,1.6663290910882649,1.4924946078922607
br_noisy_2016,br_noisy,competitive,85,1.6663290910882649,1.550439435624262
br_noisy_2016,br_noisy,competitive,86,1.4924946078922607,1.550439435624262
br_noisy_2016,br_noisy,competitive,87,1.4924946078922607,1.4924946078922607
br_noisy_2016,br_noisy,competitive,88,1.4924946078922607,1.4924946078922607
br_noisy_2016,br_noisy,competitive,89,1.7242739188202658,1.4924946078922607
br_noisy_2016,br_noisy,competitive,90,1.4924946078922607,1.6083842633562633
br_noisy_2016,br_noisy,competitive,91,1.550439435624262,1.7822187465522672
br_noisy_2016,br_noisy,competitive,92,1.6083842633562633,1.6083842633562633
br_noisy_2016,br_noisy,competitive,93,1.550439435624262,1.550439435624262
br_noisy_2016,br_noisy,competitive,94,1.4924946078922607,1.4924946078922607
br_noisy_2016,br_noisy,competitive,95,1.4924946078922607,1.4924946078922607
br_noisy_2016,br_noisy,competitive,96,1.4924946078922607,1.4924946078922607
br_noisy_2016,br_noisy,competitive,97,1.4924946078922607,1.4924946078922607
br_noisy_2016,br_noisy,competitive,98,1.4924946078922607,1.4924946078922607
br_noisy_2016,br_noisy,competitive,99,1.4924946078922607,1.4924946078922607
br_noisy_2016,br_noisy,competitive,100,1.4924946078922607,1.4924946078922607
br_noisy_2016,br_noisy,competitive,101,2.0139980574802725,1.7242739188202658
br_noisy_2016,br_noisy,competitive,102,1.6083842633562633,1.550439435624262
br_noisy_2016,br_noisy,competitive,103,1.4924946078922607,1.550439435624262
br_noisy_2016,br_noisy,competitive,104,1.4924946078922607,1.4345497801602594
br_noisy_2016,br_noisy,competitive,105,1.4345497801602594,1.4924946078922607
br_noisy_2016,br_noisy,competitive,106,1.4924946078922607,1.4345497801602594
br_noisy_2016,br_noisy,competitive,107,1.4345497801602594,1.4924946078922607
br_noisy_2016,br_noisy,competitive,108,1.4924946078922607,1.4345497801602594
br_noisy_2016,br_noisy,competitive,109,1.4345497801602594,1.4924946078922607
br_noisy_2016,br_noisy,competitive,110,1.4924946078922607,1.4345497801602594
br_noisy_2016,br_noisy,competitive,111,1.4345497801602594,1.4924946078922607
br_noisy_2016,br_noisy,competitive,112,1.4924946078922607,1.4345497801602594
br_noisy_2016,br_noisy,competitive,113,1.4345497801602594,1.4924946078922607
br_noisy_2016,br_noisy,competitive,114,1.4924946078922607,1.4345497801602594
br_noisy_2016,br_noisy,competitive,115,1.4345497801602594,1.4924946078922607
br_noisy_2016,br_noisy,competitive,116,1.4924946078922607,1.7242739188202658
br_noisy_2016,br_noisy,competitive,117,1.6083842633562633,1.4924946078922607
br_noisy_2016,br_noisy,competitive,118,1.7242739188202658,1.550439435624262
br_noisy_2016,br_noisy,competitive,119,1.4924946078922607,1.6083842633562633
br_noisy_2016,br_noisy,competitive,120,1.4924946078922607,1.4924946078922607
br_noisy_2016,br_noisy,competitive,121,1.4924946078922607,1.4924946078922607
br_noisy_2016,br_noisy,competitive,122,1.6083842633562633,1.4924946078922607
br_noisy_2016,br_noisy,competitive,123,1.4345497801602594,1.550439435624262
br_noisy_2016,br_noisy,competitive,124,1.4924946078922607,1.4345497801602594
br_noisy_2016,br_noisy,competitive,125,1.4345497801602594,1.4924946078922607
br_noisy_2016,br_noisy,competitive,126,1.4924946078922607,1.4345497801602594
br_noisy_2016,br_noisy,competitive,127,1.4345497801602594,1.4924946078922607
br_noisy_2016,br_noisy,competitive,128,1.4924946078922607,1.4345497801602594
br_noisy_2016,br_noisy,competitive,129,1.4345497801602594,1.4924946078922607
br_noisy_2016,br_noisy,competitive,130,1.4924946078922607,1.4345497801602594
br_noisy_2016,br_noisy,competitive,131,1.4345497801602594,1.4924946078922607
br_noisy_2016,br_noisy,competitive,132,1.4924946078922607,1.9560532297482711
br_noisy_2016,br_noisy,competitive,133,1.6663290910882649,1.4924946078922607
br_noisy_2016,br_noisy,competitive,134,1.4924946078922607,2.0139980574802725
br_noisy_2016,br_noisy,competitive,135,1.7242739188202658,1.7822187465522672
br_noisy_2016,br_noisy,competitive,136,1.6083842633562633,1.6083842633562633
br_noisy_2016,br_noisy,competitive,137,1.550439435624262,1.550439435624262
br_noisy_2016,br_noisy,competitive,138,1.4924946078922607,1.4924946078922607
br_noisy_2016,br_noisy,competitive,139,1.8981084020162695,1.4924946078922607
br_noisy_2016,br_noisy,competitive,140,1.4924946078922607,1.6663290910882649
br_noisy_2016,br_noisy,competitive,141,1.550439435624262,1.4924946078922607
br_noisy_2016,br_noisy,competitive,142,1.4924946078922607,1.4924946078922607
br_noisy_2016,br_noisy,competitive,143,1.8401635742842688,1.4924946078922607
br_noisy_2016,br_noisy,competitive,144,2.0139980574802725,1.6663290910882649
br_noisy_2016,br_noisy,competitive,145,1.6083842633562633,1.7242739188202658
br_noisy_2016,br_noisy,competitive,146,1.6083842633562633,1.550439435624262
br_noisy_2016,br_noisy,competitive,147,1.4924946078922607,1.550439435624262
br_noisy_2016,br_noisy,competitive,148,1.4924946078922607,1.4924946078922607
br_noisy_2016,br_noisy,competitive,149,1.4924946078922607,1.6083842633562633
q_patient_1001,q_patient,collusive,0,1.8477307274778272,1.790318929680177
q_patient_1001,q_patient,collusive,1,1.8477307274778272,1.790318929680177
q_patient_1001,q_patient,collusive,2,1.8477307274778272,1.790318929680177
q_patient_1001,q_patient,collusive,3,1.8477307274778272,1.790318929680177
q_patient_1001,q_patient,collusive,4,1.8477307274778272,1.790318929680177
q_patient_1001,q_patient,collusive,5,1.8477307274778272,1.790318929680177
q_patient_1001,q_patient,collusive,6,1.8477307274778272,1.790318929680177
q_patient_1001,q_patient,collusive,7,1.8477307274778272,1.790318929680177
q_patient_1001,q_patient,collusive,8,1.8477307274778272,1.790318929680177
q_patient_1001,q_patient,collusive,9,1.8477307274778272,1.790318929680177
q_patient_1001,q_patient,collusive,10,1.8477307274778272,1.790318929680177
q_patient_1001,q_patient,collusive,11,1.8477307274778272,1.790318929680177
q_patient_1001,q_patient,collusive,12,1.8477307274778272,1.790318929680177
q_patient_1001,q_patient,collusive,13,1.9051425252754772,1.790318929680177
q_patient_1001,q_patient,collusive,14,1.7329071318825269,1.560671738489576
q_patient_1001,q_patient,collusive,15,1.8477307274778272,1.790318929680177
q_patient_1001,q_patient,collusive,16,1.8477307274778272,1.790318929680177
q_patient_1001,q_patient,collusive,17,1.8477307274778272,1.790318929680177
q_patient_1001,q_patient,collusive,18,1.8477307274778272,1.790318929680177
q_patient_1001,q_patient,collusive,19,1.8477307274778272,1.790318929680177
q_patient_1001,q_patient,collusive,20,1.8477307274778272,1.790318929680177
q_patient_1001,q_patient,collusive,21,1.8477307274778272,1.790318929680177
q_patient_1001,q_patient,collusive,22,1.8477307274778272,1.790318929680177
q_patient_1001,q_patient,collusive,23,1.8477307274778272,1.790318929680177
q_patient_1001,q_patient,collusive,24,1.8477307274778272,1.790318929680177
q_patient_1001,q_patient,collusive,25,1.8477307274778272,1.790318929680177
q_patient_1001,q_patient,collusive,26,1.8477307274778272,1.790318929680177
q_patient_1001,q_patient,collusive,27,1.8477307274778272,1.790318929680177
q_patient_1001,q_patient,collusive,28,1.8477307274778272,1.790318929680177
q_patient_1001,q_patient,collusive,29,1.8477307274778272,1.790318929680177
q_patient_1001,q_patient,collusive,30,1.8477307274778272,1.790318929680177
q_patient_1001,q_patient,collusive,31,1.8477307274778272,1.790318929680177
q_patient_1001,q_patient,collusive,32,1.8477307274778272,1.790318929680177
q_patient_1001,q_patient,collusive,33,1.8477307274778272,1.790318929680177
q_patient_1001,q_patient,collusive,34,1.8477307274778272,1.790318929680177
q_patient_1001,q_patient,collusive,35,1.8477307274778272,1.790318929680177
q_patient_1001,q_patient,collusive,36,1.8477307274778272,1.790318929680177
q_patient_1001,q_patient,collusive,37,1.8477307274778272,1.790318929680177
q_patient_1001,q_patient,collusive,38,1.8477307274778272,1.790318929680177
q_patient_1001,q_patient,collusive,39,1.8477307274778272,1.790318929680177
q_patient_1001,q_patient,collusive,40,1.8477307274778272,1.790318929680177
q_patient_1001,q_patient,collusive,41,1.8477307274778272,1.790318929680177
q_patient_1001,q_patient,collusive,42,1.8477307274778272,1.790318929680177
q_patient_1001,q_patient,collusive,43,1.8477307274778272,1.790318929680177
q_patient_1001,q_patient,collusive,44,1.8477307274778272,1.790318929680177
q_patient_1001,q_patient,collusive,45,1.8477307274778272,1.790318929680177
q_patient_1001,q_patient,collusive,46,1.8477307274778272,1.790318929680177
q_patient_1001,q_patient,collusive,47,1.8477307274778272,1.790318929680177
q_patient_1001,q_patient,collusive,48,1.8477307274778272,1.790318929680177
q_patient_1001,q_patient,collusive,49,1.8477307274778272,1.790318929680177
q_patient_1001,q_patient,collusive,50,1.8477307274778272,1.9051425252754772
q_patient_1001,q_patient,collusive,51,1.7329071318825269,1.560671738489576
q_patient_1001,q_patient,collusive,52,1.8477307274778272,1.790318929680177
q_patient_1001,q_patient,collusive,53,1.8477307274778272,1.790318929680177
q_patient_1001,q_patient,collusive,54,1.8477307274778272,1.790318929680177
q_patient_1001,q_patient,collusive,55,1.8477307274778272,1.790318929680177
q_patient_1001,q_patient,collusive,56,1.8477307274778272,1.790318929680177
q_patient_1001,q_patient,collusive,57,1.8477307274778272,1.790318929680177
q_patient_1001,q_patient,collusive,58,1.790318929680177,1.790318929680177
q_patient_1001,q_patient,collusive,59,1.560671738489576,1.560671738489576
q_patient_1001,q_patient,collusive,60,1.560671738489576,1.6180835362872263
q_patient_1001,q_patient,collusive,61,1.6754953340848766,1.962554323073128
q_patient_1001,q_patient,collusive,62,1.962554323073128,1.6754953340848766
q_patient_1001,q_patient,collusive,63,1.560671738489576,1.6754953340848766
q_patient_1001,q_patient,collusive,64,1.7329071318825269,1.560671738489576
q_patient_1001,q_patient,collusive,65,1.8477307274778272,1.790318929680177
q_patient_1001,q_patient,collusive,66,1.8477307274778272,1.790318929680177
q_patient_1001,q_patient,collusive,67,1.8477307274778272,1.790318929680177
q_patient_1001,q_patient,collusive,68,1.8477307274778272,1.790318929680177
q_patient_1001,q_patient,collusive,69,1.8477307274778272,1.790318929680177
q_patient_1001,q_patient,collusive,70,1.8477307274778272,1.790318929680177
q_patient_1001,q_patient,collusive,71,1.8477307274778272,1.790318929680177
q_patient_1001,q_patient,collusive,72,1.8477307274778272,1.790318929680177
q_patient_1001,q_patient,collusive,73,1.8477307274778272,1.790318929680177
q_patient_1001,q_patient,collusive,74,1.8477307274778272,1.790318929680177
q_patient_1001,q_patient,collusive,75,1.8477307274778272,1.790318929680177
q_patient_1001,q_patient,collusive,76,1.8477307274778272,1.9051425252754772
q_patient_1001,q_patient,collusive,77,1.7329071318825269,1.560671738489576
q_patient_1001,q_patient,collusive,78,1.8477307274778272,1.790318929680177
q_patient_1001,q_patient,collusive,79,1.8477307274778272,1.790318929680177
q_patient_1001,q_patient,collusive,80,1.8477307274778272,1.790318929680177
q_patient_1001,q_patient,collusive,81,1.8477307274778272,1.790318929680177
q_patient_1001,q_patient,collusive,82,1.8477307274778272,1.790318929680177
q_patient_1001,q_patient,collusive,83,1.8477307274778272,1.790318929680177
q_patient_1001,q_patient,collusive,84,1.8477307274778272,1.790318929680177
q_patient_1001,q_patient,collusive,85,1.8477307274778272,1.790318929680177
q_patient_1001,q_patient,collusive,86,1.790318929680177,1.790318929680177
q_patient_1001,q_patient,collusive,87,1.560671738489576,1.560671738489576
q_patient_1001,q_patient,collusive,88,1.560671738489576,1.6180835362872263
q_patient_1001,q_patient,collusive,89,1.6754953340848766,1.6754953340848766
q_patient_1001,q_patient,collusive,90,1.8477307274778272,1.6180835362872263
q_patient_1001,q_patient,collusive,91,1.5032599406919258,1.8477307274778272
q_patient_1001,q_patient,collusive,92,1.7329071318825269,1.560671738489576
q_patient_1001,q_patient,collusive,93,1.8477307274778272,1.790318929680177
q_patient_1001,q_patient,collusive,94,1.8477307274778272,1.790318929680177
q_patient_1001,q_patient,collusive,95,1.8477307274778272,1.790318929680177
q_patient_1001,q_patient,collusive,96,1.8477307274778272,1.790318929680177
q_patient_1001,q_patient,collusive,97,1.8477307274778272,1.790318929680177
q_patient_1001,q_patient,collusive,98,1.8477307274778272,1.790318929680177
q_patient_1001,q_patient,collusive,99,1.8477307274778272,1.790318929680177
q_patient_1001,q_patient,collusive,100,1.8477307274778272,1.790318929680177
q_patient_1001,q_patient,collusive,101,1.8477307274778272,1.790318929680177
q_patient_1001,q_patient,collusive,102,1.8477307274778272,1.790318929680177
q_patient_1001,q_patient,collusive,103,1.8477307274778272,1.790318929680177
q_patient_1001,q_patient,collusive,104,1.8477307274778272,1.790318929680177
q_patient_1001,q_patient,collusive,105,1.8477307274778272,1.790318929680177
q_patient_1001,q_patient,collusive,106,1.8477307274778272,1.790318929680177
q_patient_1001,q_patient,collusive,107,1.8477307274778272,1.790318929680177
q_patient_1001,q_patient,collusive,108,1.8477307274778272,1.790318929680177
q_patient_1001,q_patient,collusive,109,1.8477307274778272,1.790318929680177
q_patient_1001,q_patient,collusive,110,1.8477307274778272,1.790318929680177
q_patient_1001,q_patient,collusive,111,1.8477307274778272,1.790318929680177
q_patient_1001,q_patient,collusive,112,1.8477307274778272,1.790318929680177
q_patient_1001,q_patient,collusive,113,1.8477307274778272,1.790318929680177
q_patient_1001,q_patient,collusive,114,1.8477307274778272,1.790318929680177
q_patient_1001,q_patient,collusive,115,1.8477307274778272,1.790318929680177
q_patient_1001,q_patient,collusive,116,1.8477307274778272,1.790318929680177
q_patient_1001,q_patient,collusive,117,1.8477307274778272,1.790318929680177
q_patient_1001,q_patient,collusive,118,1.8477307274778272,1.560671738489576
q_patient_1001,q_patient,collusive,119,1.7329071318825269,1.560671738489576
q_patient_1001,q_patient,collusive,120,1.8477307274778272,1.790318929680177
q_patient_1001,q_patient,collusive,121,1.8477307274778272,1.790318929680177
q_patient_1001,q_patient,collusive,122,1.8477307274778272,1.790318929680177
q_patient_1001,q_patient,collusive,123,1.8477307274778272,1.790318929680177
q_patient_1001,q_patient,collusive,124,1.8477307274778272,1.790318929680177
q_patient_1001,q_patient,collusive,125,1.8477307274778272,1.790318929680177
q_patient_1001,q_patient,collusive,126,1.8477307274778272,1.790318929680177
q_patient_1001,q_patient,collusive,127,1.8477307274778272,1.790318929680177
q_patient_1001,q_patient,collusive,128,1.8477307274778272,1.790318929680177
q_patient_1001,q_patient,collusive,129,1.8477307274778272,1.790318929680177
q_patient_1001,q_patient,collusive,130,1.8477307274778272,1.790318929680177
q_patient_1001,q_patient,collusive,131,1.8477307274778272,1.790318929680177
q_patient_1001,q_patient,collusive,132,1.8477307274778272,1.790318929680177
q_patient_1001,q_patient,collusive,133,1.8477307274778272,1.790318929680177
q_patient_1001,q_patient,collusive,134,1.8477307274778272,1.790318929680177
q_patient_1001,q_patient,collusive,135,1.8477307274778272,1.790318929680177
q_patient_1001,q_patient,collusive,136,1.9051425252754772,1.790318929680177
q_patient_1001,q_patient,collusive,137,1.7329071318825269,1.560671738489576
q_patient_1001,q_patient,collusive,138,1.8477307274778272,1.790318929680177
q_patient_1001,q_patient,collusive,139,1.8477307274778272,1.790318929680177
q_patient_1001,q_patient,collusive,140,1.8477307274778272,1.790318929680177
q_patient_1001,q_patient,collusive,141,1.8477307274778272,1.790318929680177
q_patient_1001,q_patient,collusive,142,1.8477307274778272,1.790318929680177
q_patient_1001,q_patient,collusive,143,1.8477307274778272,1.790318929680177
q_patient_1001,q_patient,collusive,144,1.8477307274778272,1.790318929680177
q_patient_1001,q_patient,collusive,145,1.8477307274778272,1.790318929680177
q_patient_1001,q_patient,collusive,146,1.8477307274778272,1.790318929680177
q_patient_1001,q_patient,collusive,147,1.8477307274778272,1.790318929680177
q_patient_1001,q_patient,collusive,148,1.8477307274778272,1.790318929680177
q_patient_1001,q_patient,collusive,149,1.8477307274778272,1.790318929680177
