date,timestamp,seller,product_id,product_name,price,city,availability,source
2026-08-15,2026-08-15T16:58:38.469479,IOCL,petrol,Petrol (95 octane),111.38,Mumbai,Available,fuel_psu
2026-08-15,2026-08-15T16:58:38.469479,BPCL,petrol,Petrol (95 octane),111.38,Mumbai,Available,fuel_psu
2026-08-15,2026-08-15T16:58:38.469479,HPCL,petrol,Petrol (95 octane),111.38,Mumbai,Available,fuel_psu
2026-08-15,2026-08-15T16:58:40.860597,IOCL,petrol,Petrol (95 octane),111.38,Delhi,Available,fuel_psu
2026-08-15,2026-08-15T16:58:40.860597,BPCL,petrol,Petrol (95 octane),111.38,Delhi,Available,fuel_psu
2026-08-15,2026-08-15T16:58:40.860597,HPCL,petrol,Petrol (95 octane),111.38,Delhi,Available,fuel_psu
2026-08-15,2026-08-15T16:58:43.445349,IOCL,petrol,Petrol (95 octane),111.38,Bengaluru,Available,fuel_psu
2026-08-15,2026-08-15T16:58:43.445349,BPCL,petrol,Petrol (95 octane),111.38,Bengaluru,Available,fuel_psu
2026-08-15,2026-08-15T16:58:43.445349,HPCL,petrol,Petrol (95 octane),111.38,Bengaluru,Available,fuel_psu
2026-08-15,2026-08-15T16:58:45.802257,IOCL,petrol,Petrol (95 octane),107.87,Chennai,Available,fuel_psu
2026-08-15,2026-08-15T16:58:45.802257,BPCL,petrol,Petrol (95 octane),107.87,Chennai,Available,fuel_psu
2026-08-15,2026-08-15T16:58:45.802257,HPCL,petrol,Petrol (95 octane),107.87,Chennai,Available,fuel_psu
2026-08-15,2026-08-15T16:58:48.125485,IOCL,petrol,Petrol (95 octane),113.51,Kolkata,Available,fuel_psu
2026-08-15,2026-08-15T16:58:48.125485,BPCL,petrol,Petrol (95 octane),113.51,Kolkata,Available,fuel_psu
2026-08-15,2026-08-15T16:58:48.125485,HPCL,petrol,Petrol (95 octane),113.51,Kolkata,Available,fuel_psu
2026-08-15,2026-08-15T16:59:21.358754,IOCL,petrol,Petrol (95 octane),111.38,Mumbai,Available,fuel_psu
2026-08-15,2026-08-15T16:59:21.358754,BPCL,petrol,Petrol (95 octane),111.38,Mumbai,Available,fuel_psu
2026-08-15,2026-08-15T16:59:21.358754,HPCL,petrol,Petrol (95 octane),111.38,Mumbai,Available,fuel_psu
2026-08-15,2026-08-15T16:59:23.791286,IOCL,petrol,Petrol (95 octane),111.38,Delhi,Available,fuel_psu
2026-08-15,2026-08-15T16:59:23.791286,BPCL,petrol,Petrol (95 octane),111.38,Delhi,Available,fuel_psu
2026-08-15,2026-08-15T16:59:23.791286,HPCL,petrol,Petrol (95 octane),111.38,Delhi,Available,fuel_psu
2026-08-15,2026-08-15T16:59:26.275956,IOCL,petrol,Petrol (95 octane),111.38,Bengaluru,Available,fuel_psu
2026-08-15,2026-08-15T16:59:26.275956,BPCL,petrol,Petrol (95 octane),111.38,Bengaluru,Available,fuel_psu
2026-08-15,2026-08-15T16:59:26.275956,HPCL,petrol,Petrol (95 octane),111.38,Bengaluru,Available,fuel_psu
2026-08-15,2026-08-15T16:59:28.694831,IOCL,petrol,Petrol (95 octane),107.87,Chennai,Available,fuel_psu
2026-08-15,2026-08-15T16:59:28.694831,BPCL,petrol,Petrol (95 octane),107.87,Chennai,Available,fuel_psu
2026-08-15,2026-08-15T16:59:28.694831,HPCL,petrol,Petrol (95 octane),107.87,Chennai,Available,fuel_psu
2026-08-15,2026-08-15T16:59:31.041509,IOCL,petrol,Petrol (95 octane),113.51,Kolkata,Available,fuel_psu
2026-08-15,2026-08-15T16:59:31.041509,BPCL,petrol,Petrol (95 octane),113.51,Kolkata,Available,fuel_psu
2026-08-15,2026-08-15T16:59:31.041509,HPCL,petrol,Petrol (95 octane),113.51,Kolkata,Available,fuel_psu
2026-08-15,2026-08-15T17:30:51.860231,IOCL,petrol,Petrol (95 octane),111.38,Mumbai,Available,fuel_psu
2026-08-15,2026-08-15T17:30:51.860231,BPCL,petrol,Petrol (95 octane),111.38,Mumbai,Available,fuel_psu
2026-08-15,2026-08-15T17:30:51.860231,HPCL,petrol,Petrol (95 octane),111.38,Mumbai,Available,fuel_psu
2026-08-15,2026-08-15T17:30:54.352172,IOCL,petrol,Petrol (95 octane),111.38,Delhi,Available,fuel_psu
2026-08-15,2026-08-15T17:30:54.352172,BPCL,petrol,Petrol (95 octane),111.38,Delhi,Available,fuel_psu
2026-08-15,2026-08-15T17:30:54.352172,HPCL,petrol,Petrol (95 octane),111.38,Delhi,Available,fuel_psu
2026-08-15,2026-08-15T17:30:56.937398,IOCL,petrol,Petrol (95 octane),111.38,Bengaluru,Available,fuel_psu
2026-08-15,2026-08-15T17:30:56.937398,BPCL,petrol,Petrol (95 octane),111.38,Bengaluru,Available,fuel_psu
2026-08-15,2026-08-15T17:30:56.937398,HPCL,petrol,Petrol (95 octane),111.38,Bengaluru,Available,fuel_psu
2026-08-15,2026-08-15T17:30:59.374315,IOCL,petrol,Petrol (95 octane),107.87,Chennai,Available,fuel_psu
2026-08-15,2026-08-15T17:30:59.374315,BPCL,petrol,Petrol (95 octane),107.87,Chennai,Available,fuel_psu
2026-08-15,2026-08-15T17:30:59.374315,HPCL,petrol,Petrol (95 octane),107.87,Chennai,Available,fuel_psu
2026-08-15,2026-08-15T17:31:02.421364,IOCL,petrol,Petrol (95 octane),113.51,Kolkata,Available,fuel_psu
2026-08-15,2026-08-15T17:31:02.421364,BPCL,petrol,Petrol (95 octane),113.51,Kolkata,Available,fuel_psu
2026-08-15,2026-08-15T17:31:02.421364,HPCL,petrol,Petrol (95 octane),113.51,Kolkata,Available,fuel_psu
2026-08-15,2026-08-15T17:31:27.223608,IOCL,petrol,Petrol (95 octane),111.38,Mumbai,Available,fuel_psu
2026-08-15,2026-08-15T17:31:27.223608,BPCL,petrol,Petrol (95 octane),111.38,Mumbai,Available,fuel_psu
2026-08-15,2026-08-15T17:31:27.223608,HPCL,petrol,Petrol (95 octane),111.38,Mumbai,Available,fuel_psu
2026-08-15,2026-08-15T17:31:29.865754,IOCL,petrol,Petrol (95 octane),111.38,Delhi,Available,fuel_psu
2026-08-15,2026-08-15T17:31:29.865754,BPCL,petrol,Petrol (95 octane),111.38,Delhi,Available,fuel_psu
2026-08-15,2026-08-15T17:31:29.865754,HPCL,petrol,Petrol (95 octane),111.38,Delhi,Available,fuel_psu
2026-08-15,2026-08-15T17:31:32.337158,IOCL,petrol,Petrol (95 octane),111.38,Bengaluru,Available,fuel_psu
2026-08-15,2026-08-15T17:31:32.337158,BPCL,petrol,Petrol (95 octane),111.38,Bengaluru,Available,fuel_psu
2026-08-15,2026-08-15T17:31:32.337158,HPCL,petrol,Petrol (95 octane),111.38,Bengaluru,Available,fuel_psu
2026-08-15,2026-08-15T17:31:34.780711,IOCL,petrol,Petrol (95 octane),107.87,Chennai,Available,fuel_psu
2026-08-15,2026-08-15T17:31:34.780711,BPCL,petrol,Petrol (95 octane),107.87,Chennai,Available,fuel_psu
2026-08-15,2026-08-15T17:31:34.780711,HPCL,petrol,Petrol (95 octane),107.87,Chennai,Available,fuel_psu
2026-08-15,2026-08-15T17:31:37.162934,IOCL,petrol,Petrol (95 octane),113.51,Kolkata,Available,fuel_psu
2026-08-15,2026-08-15T17:31:37.162934,BPCL,petrol,Petrol (95 octane),113.51,Kolkata,Available,fuel_psu
2026-08-15,2026-08-15T17:31:37.162934,HPCL,petrol,Petrol (95 octane),113.51,Kolkata,Available,fuel_psu
2026-08-16,2026-08-16T19:47:50.330959,IOCL,petrol,Petrol (95 octane),111.21,Mumbai,Available,fuel_psu
2026-08-16,2026-08-16T19:47:50.330959,BPCL,petrol,Petrol (95 octane),111.21,Mumbai,Available,fuel_psu
2026-08-16,2026-08-16T19:47:50.330959,HPCL,petrol,Petrol (95 octane),111.21,Mumbai,Available,fuel_psu
2026-08-16,2026-08-16T19:47:54.771462,IOCL,petrol,Petrol (95 octane),111.21,Delhi,Available,fuel_psu
2026-08-16,2026-08-16T19:47:54.771462,BPCL,petrol,Petrol (95 octane),111.21,Delhi,Available,fuel_psu
2026-08-16,2026-08-16T19:47:54.771462,HPCL,petrol,Petrol (95 octane),111.21,Delhi,Available,fuel_psu
2026-08-16,2026-08-16T19:47:57.291056,IOCL,petrol,Petrol (95 octane),111.21,Bengaluru,Available,fuel_psu
2026-08-16,2026-08-16T19:47:57.291056,BPCL,petrol,Petrol (95 octane),111.21,Bengaluru,Available,fuel_psu
2026-08-16,2026-08-16T19:47:57.291056,HPCL,petrol,Petrol (95 octane),111.21,Bengaluru,Available,fuel_psu
2026-08-16,2026-08-16T19:47:59.663856,IOCL,petrol,Petrol (95 octane),107.76,Chennai,Available,fuel_psu
2026-08-16,2026-08-16T19:47:59.663856,BPCL,petrol,Petrol (95 octane),107.76,Chennai,Available,fuel_psu
2026-08-16,2026-08-16T19:47:59.663856,HPCL,petrol,Petrol (95 octane),107.76,Chennai,Available,fuel_psu
2026-08-16,2026-08-16T19:48:02.092363,IOCL,petrol,Petrol (95 octane),113.51,Kolkata,Available,fuel_psu
2026-08-16,2026-08-16T19:48:02.092363,BPCL,petrol,Petrol (95 octane),113.51,Kolkata,Available,fuel_psu
2026-08-16,2026-08-16T19:48:02.092363,HPCL,petrol,Petrol (95 octane),113.51,Kolkata,Available,fuel_psu
2026-08-17,2026-08-17T16:10:17.159460,IOCL,petrol,Petrol (95 octane),111.31,Mumbai,Available,fuel_psu
2026-08-17,2026-08-17T16:10:17.159460,BPCL,petrol,Petrol (95 octane),111.31,Mumbai,Available,fuel_psu
2026-08-17,2026-08-17T16:10:17.159460,HPCL,petrol,Petrol (95 octane),111.31,Mumbai,Available,fuel_psu
2026-08-17,2026-08-17T16:10:19.629189,IOCL,petrol,Petrol (95 octane),111.31,Delhi,Available,fuel_psu
2026-08-17,2026-08-17T16:10:19.629189,BPCL,petrol,Petrol (95 octane),111.31,Delhi,Available,fuel_psu
2026-08-17,2026-08-17T16:10:19.629189,HPCL,petrol,Petrol (95 octane),111.31,Delhi,Available,fuel_psu
2026-08-17,2026-08-17T16:10:22.042022,IOCL,petrol,Petrol (95 octane),111.31,Bengaluru,Available,fuel_psu
2026-08-17,2026-08-17T16:10:22.042022,BPCL,petrol,Petrol (95 octane),111.31,Bengaluru,Available,fuel_psu
2026-08-17,2026-08-17T16:10:22.042022,HPCL,petrol,Petrol (95 octane),111.31,Bengaluru,Available,fuel_psu
2026-08-17,2026-08-17T16:10:24.378149,IOCL,petrol,Petrol (95 octane),107.77,Chennai,Available,fuel_psu
2026-08-17,2026-08-17T16:10:24.378149,BPCL,petrol,Petrol (95 octane),107.77,Chennai,Available,fuel_psu
2026-08-17,2026-08-17T16:10:24.378149,HPCL,petrol,Petrol (95 octane),107.77,Chennai,Available,fuel_psu
2026-08-17,2026-08-17T16:10:26.744446,IOCL,petrol,Petrol (95 octane),109.07,Kolkata,Available,fuel_psu
2026-08-17,2026-08-17T16:10:26.744446,BPCL,petrol,Petrol (95 octane),109.07,Kolkata,Available,fuel_psu
2026-08-17,2026-08-17T16:10:26.744446,HPCL,petrol,Petrol (95 octane),109.07,Kolkata,Available,fuel_psu
2026-08-15,2026-08-15T17:27:30.755717,ANKER OFFICIAL,B0DBTV5QF5,"Anker Zolo USB C to USB C Cable, Braided and Dirt-Free Type C Fast Charging Cable, Slim Connector, for iPhone 16 Series, MacBook (240W) (Black, 3ft) | Braided and Dirt-Free, Slim Connector, for iPhone 17 Series, MacBook, and More",699.0,Online,In stock,ecommerce_amazon
2026-08-15,2026-08-15T17:27:37.388202,ANKER OFFICIAL,B0CZ43567W,"Anker Nano USB C to USB C Cable, 240W Fast Charging Cable (6 ft, Black) | Flexible Multi-Color Braided Charger for iPhone 17 Series, MacBook Pro, and More",1499.0,Online,In stock,ecommerce_amazon
2026-08-15,2026-08-15T17:27:44.864382,Cocoblu Retail,B0DZHJT3JB,"Ambrane 20000mAh Powerbank with in-Build Type C Cable, 22.5W Fast Charging, USB & Type C Output, Power Delivery, Quick Charge for iPhone, Android Mobile & Tablets, Earbuds, (Stylo N20, Black)",1499.0,Online,In stock,ecommerce_amazon
2026-08-15,2026-08-15T17:28:00.092853,Cocoblu Retail,B098NS6PVG,"Ambrane Unbreakable 3A Fast Charging 1.5m Braided Type C Cable for Smartphones, Tablets & other Type C devices, 480Mbps Data Sync, Quick Charge 3.0 (RCT15A, Black)",99.0,Online,In stock,ecommerce_amazon
2026-08-15,2026-08-15T17:28:07.076782,Cocoblu Retail,B084DTMYWK,MYVN 100W Ultra Fast Charging Cable for OnePlus | USB-A to Type-C | WARP/Dash Compatible | Compatible with OnePlus 13/13R/13S/12R/11R/10R/10T/10/10 Pro/9/9 Pro/8/8 Pro/7 Pro/7T Pro/Nord/CE 3 Lite |1M,289.0,Online,In stock,ecommerce_amazon
2026-08-15,2026-08-15T17:28:13.970550,Cocoblu Retail,B082LZGK39,"Ambrane Unbreakable 60W / 3A Fast Charging 1.5m Braided Micro USB Cable for Smartphones, Tablets, Laptops & Other Micro USB Devices, 480Mbps Data Sync, Quick Charge 3.0 (RCM15, Black)",109.0,Online,In stock,ecommerce_amazon
2026-08-15,2026-08-15T17:28:21.358181,ANKER OFFICIAL,B0DBTV5QF5,"Anker Zolo USB C to USB C Cable, Braided and Dirt-Free Type C Fast Charging Cable, Slim Connector, for iPhone 16 Series, MacBook (240W) (Black, 3ft) | Braided and Dirt-Free, Slim Connector, for iPhone 17 Series, MacBook, and More",699.0,Online,In stock,ecommerce_amazon
2026-08-15,2026-08-15T17:28:28.531272,ANKER OFFICIAL,B0CZ43567W,"Anker Nano USB C to USB C Cable, 240W Fast Charging Cable (6 ft, Black) | Flexible Multi-Color Braided Charger for iPhone 17 Series, MacBook Pro, and More",1499.0,Online,In stock,ecommerce_amazon
2026-08-15,2026-08-15T17:28:35.557824,Cocoblu Retail,B0DZHJT3JB,"Ambrane 20000mAh Powerbank with in-Build Type C Cable, 22.5W Fast Charging, USB & Type C Output, Power Delivery, Quick Charge for iPhone, Android Mobile & Tablets, Earbuds, (Stylo N20, Black)",1499.0,Online,In stock,ecommerce_amazon
2026-08-15,2026-08-15T17:32:05.737947,Cocoblu Retail,B098NS6PVG,"Ambrane Unbreakable 3A Fast Charging 1.5m Braided Type C Cable for Smartphones, Tablets & other Type C devices, 480Mbps Data Sync, Quick Charge 3.0 (RCT15A, Black)",99.0,Online,In stock,ecommerce_amazon
2026-08-15,2026-08-15T17:32:13.785210,Cocoblu Retail,B084DTMYWK,MYVN 100W Ultra Fast Charging Cable for OnePlus | USB-A to Type-C | WARP/Dash Compatible | Compatible with OnePlus 13/13R/13S/12R/11R/10R/10T/10/10 Pro/9/9 Pro/8/8 Pro/7 Pro/7T Pro/Nord/CE 3 Lite |1M,289.0,Online,In stock,ecommerce_amazon
2026-08-15,2026-08-15T17:32:22.095859,Cocoblu Retail,B082LZGK39,"Ambrane Unbreakable 60W / 3A Fast Charging 1.5m Braided Micro USB Cable for Smartphones, Tablets, Laptops & Other Micro USB Devices, 480Mbps Data Sync, Quick Charge 3.0 (RCM15, Black)",109.0,Online,In stock,ecommerce_amazon
2026-08-15,2026-08-15T17:32:29.909135,ANKER OFFICIAL,B0DBTV5QF5,"Anker Zolo USB C to USB C Cable, Braided and Dirt-Free Type C Fast Charging Cable, Slim Connector, for iPhone 16 Series, MacBook (240W) (Black, 3ft) | Braided and Dirt-Free, Slim Connector, for iPhone 17 Series, MacBook, and More",699.0,Online,In stock,ecommerce_amazon
2026-08-15,2026-08-15T17:32:37.341059,ANKER OFFICIAL,B0CZ43567W,"Anker Nano USB C to USB C Cable, 240W Fast Charging Cable (6 ft, Black) | Flexible Multi-Color Braided Charger for iPhone 17 Series, MacBook Pro, and More",1499.0,Online,In stock,ecommerce_amazon
2026-08-15,2026-08-15T17:32:45.129189,Clicktech Retail Private Ltd,B09KH58JZR,Portronics Konnect L POR-1403 Fast Charging 3A Type-C Cable 1.2 Meter with Charge & Sync Function for All Type-C Devices (White),137.0,Online,In stock,ecommerce_amazon
2026-08-15,2026-08-15T17:32:52.405796,ANKER OFFICIAL,B0C5XVM3V1,"Anker Type C to Type C Braided 3ft Black PD Cable, Super Fast Charging (50% Charge in 30 mins), Data Sync Compatibility & Power Delivery (PD) for iPhone 15, Samsung, OnePlus & others",539.0,Online,In stock,ecommerce_amazon
2026-08-15,2026-08-15T17:33:01.190974,Cocoblu Retail,B0DZHJT3JB,"Ambrane 20000mAh Powerbank with in-Build Type C Cable, 22.5W Fast Charging, USB & Type C Output, Power Delivery, Quick Charge for iPhone, Android Mobile & Tablets, Earbuds, (Stylo N20, Black)",1499.0,Online,In stock,ecommerce_amazon
2026-08-15,2026-08-15T17:33:08.450225,Cocoblu Retail,B0GXV5X15P,"Ambrane 20000mAh Power Bank with 22.5W Fast Charging | 3 Output Ports | Type-C & USB Input | Compact Portable Charger for iPhone, Android Mobile Phone, Tablets, Earbuds, Speakers,smartwatch",1199.0,Online,In stock,ecommerce_amazon
2026-08-15,2026-08-15T17:33:15.620810,Cocoblu Retail,B0DCZ3WDTB,"Xiaomi Power Bank 4i 20000mAh 33W Super Fast Charging PD |Smart 12 Layer Protection|Type C Input & Output|Triple Output Ports|Supports Android,Apple, Tablets, Earbuds,Watch(MI Powerbank),Black",1999.0,Online,In stock,ecommerce_amazon
2026-08-15,2026-08-15T17:33:23.632910,Clicktech Retail Private Ltd,B0D96JNKFN,"Amazon Basics 20000 mAh Power Bank | 22.5W Fast Charging | Dual Output & Input | Charge 3 Devices Simultaneously | for Smartphones, TWS Earbuds, Speakers, Tablets (Black)",1299.0,Online,In stock,ecommerce_amazon
2026-08-15,2026-08-15T17:33:31.027152,Cocoblu Retail,B0GPBGDR4L,"Ambrane 25W Qi2.2 Magsafe Wireless 20000mAh Powerbank, 35W Wired Charging, Fastest Qi2.2 Technology - Now Charge 40% in 30 mins wirelessly, Support Macbook Air Charging For iPhone (Orbit 20K,Titanium)",2799.0,Online,In stock,ecommerce_amazon
2026-08-15,2026-08-15T17:33:38.583696,Clicktech Retail Private Ltd,B0GXBBD73Q,"boAt 2026 Launch Airdopes Plus 224, Powerful Spatial Audio, 60H Playback, Quad Mics AI-ENx™, 13 mm Drivers, App Support, Multi Connect, Google Fast Pair, Bluetooth v6.0 TWS Earbuds (Off White)",999.0,Online,In stock,ecommerce_amazon
2026-08-15,2026-08-15T17:33:46.252445,Cocoblu Retail,B0D78XSMSM,"pTron Bassbuds Astra in-Ear TWS Earbuds w/Stereo Sound, 34Hrs Playtime, Stereo Calls, Custom EQ, Mobile App, BTv5.3 Headphones, Touch Control, Voice Assistant, Type C Charging & IPX4 (Black)",599.0,Online,In stock,ecommerce_amazon
2026-08-15,2026-08-15T17:33:55.172120,Clicktech Retail Private Ltd,B0GZNHB218,"boAt 2026 Launch Airdopes Joy v2, 35H Battery, Pocketable Design, ASAP™ Charge, 13mm Drivers, Easy Touch Controls, ENx™ Tech, IWP™ & App Support TWS Bluetooth Earbuds with mic (Dusty Rose)",799.0,Online,In stock,ecommerce_amazon
2026-08-15,2026-08-15T17:34:03.470808,Clicktech Retail Private Ltd,B0C411BWXD,"boAt Airdopes Joy, 35Hrs Battery, Fast Charge, IWP Tech, Low Latency, 2Mic ENx, Type-C Port, v5.3 Bluetooth Earbuds, TWS Ear Buds Wireless Earphones with mic(Dark Cyan)",799.0,Online,In stock,ecommerce_amazon
2026-08-15,2026-08-15T17:34:11.436192,Clicktech Retail Private Ltd,B0GZN7C6X8,"boAt 2026 Launch Airdopes ProClip, Air Conduction Tech,Feather-Light Earbuds, Clip-On Design,All Day Wear Comfort,52H Battery,12mm Dynamic Drivers,App Support,BT v6.0,OWS Earbuds with mic(Silk Grey)",1799.0,Online,In stock,ecommerce_amazon
2026-08-15,2026-08-15T17:34:20.465355,Clicktech Retail Private Ltd,B0BF57RN3K,"Fire-Boltt Ninja Call Pro Plus Bluetooth Calling Smart Watch, 1.83″ HD Display, AI Voice Assistant, 120+ Sports Modes, IP67 Waterproof, SpO2 & Heart Rate Monitor Smartwatch for Men & Women - Black",999.0,Online,In stock,ecommerce_amazon
2026-08-15,2026-08-15T17:34:28.691022,Clicktech Retail Private Ltd,B0CMF25TKG,"Fire‑Boltt Rise Smart Watch 1.85″ HD Display with Bluetooth Calling, AI Voice Assistant, Rotating Crown,SpO2 & Heart Rate Monitor, 120+ Sports Modes,IP67 Waterproof Smart Watch for Men & Women - Black",1199.0,Online,In stock,ecommerce_amazon
2026-08-15,2026-08-15T17:34:36.450332,Clicktech Retail Private Ltd,B0B854R7NS,"Fire-Boltt Ninja Call Pro Bluetooth Calling Smart Watch, 1.69″ HD Display,Dual Chip,AI Voice Assistant, 120+ Sports Modes, SpO2 & Heart Rate Monitor, Fitness Tracker Smartwatch for Men & Women - Black",999.0,Online,In stock,ecommerce_amazon
2026-08-15,2026-08-15T17:34:45.224597,Clicktech Retail Private Ltd,B0FLF44GTQ,"boAt Wave Call 3 Smartwatch 1.83” HD Display with Animated Watch Faces; BT Calling, Functional Crown, Multiple Sports Modes, IP68, HR, SpO2 Monitor, Smart Watches for Men & Women (Bold Black)",1399.0,Online,In stock,ecommerce_amazon
2026-08-15,2026-08-15T17:34:53.957915,Clicktech Retail Private Ltd,B0G61HJYR3,"Fire-Boltt Ninja X Ring Smart Watch with 1.96” Large Display, Bluetooth Calling, Wireless Charging, AI Voice Assistant, 500+ Watch Faces, Health Suite, Smart Watch for Man & Woman – Blue S",1199.0,Online,In stock,ecommerce_amazon
2026-08-15,2026-08-15T17:35:01.898374,OUTSHINY INDIA PVT LTD,B0DFYT73XG,Arctic Fox ProMaxe Wireless Mouse | 2400 DPI |2.4 GHz with USB Nano Receiver | High Precision Optical Tracking| for PC/Mac/Laptop - Black Jet,399.0,Online,In stock,ecommerce_amazon
2026-08-15,2026-08-15T17:35:09.306193,Clicktech Retail Private Ltd,B0G7Z7YGRG,"Lenovo 210 Wireless USB A Compact Mouse,1600 DPI Optical Sensor, 2.4GHz Wireless Nano USB, 10m Range, 3Yr Warranty, 3-Button(Left,Right,Scroll) Upto 3M Left/Right clicks, 1Yr Battery, GY51U02463",499.0,Online,In stock,ecommerce_amazon
2026-08-15,2026-08-15T17:35:17.716353,Clicktech Retail Private Ltd,B0B296NTFV,"Portronics Toad 23 Wireless Optical Mouse with 2.4GHz, USB Nano Dongle, Optical Orientation, Click Wheel, Adjustable DPI(Black)",279.0,Online,In stock,ecommerce_amazon
2026-08-15,2026-08-15T17:35:26.336024,Clicktech Retail Private Ltd,B0FF4XBM5N,"ZEBRONICS Wireless Mouse, 2.4GHz, 3200 DPI, 3 Buttons, Comfortable & Ergonomic, USB Nano Receiver, Power-Saving Mode, Works on Most Surfaces, for Mac | Laptop | Computer (Freego, Black)",199.0,Online,In stock,ecommerce_amazon
2026-08-15,2026-08-15T17:35:34.051409,Clicktech Retail Private Ltd,B0CMXNFK9W,"Portronics Toad 32 Wireless Mouse with 6 Buttons, 2.4 GHz Connectivity, 10m Working Range, Ergonomic Design, Adjustable Optical DPI, Auto Power Saving, for Laptop & PC (Red)",399.0,Online,In stock,ecommerce_amazon
2026-08-15,2026-08-15T17:35:41.662263,Cocoblu Retail,B0CHJ3X3VM,"Ambrane 65W Charger Adapter, 3 Ports - 2 Type C & 1 USB for Samsung, Type C Laptops: MacBook, Dell, HP, ASUS, Fast Charger with PD Technology & GaN Technology for All Devices (RAAP G65, Black)",1999.0,Online,In stock,ecommerce_amazon
2026-08-15,2026-08-15T17:35:49.272701,RAIKWAR JII TRADER,B0H6C18HC7,"Ailkin 65W GaN Charger | Triple Port High-Speed PD 3.0 & PPS Fast Charging Adapter, 2 x Type C PD Port,1 x USB-A Port | Compatible with iPhone 17/16/15, Laptops, Smartphones, Tablets, MacBooks, iPads",989.0,Online,In stock,ecommerce_amazon
2026-08-15,2026-08-15T17:35:56.299964,Cocoblu Retail,B0DLY1ZQCQ,"JGD 65W Fast Charger USB Adapter | Compatible with OnePlus, Samsung, Realme, Redmi, Nothing, Oppo, Pixel & Other Smartphones |C Type Charger Adapter Supports Dash,Warp, Vooc, SuperVooc(BIS Certified)",258.0,Online,In stock,ecommerce_amazon
2026-08-15,2026-08-15T17:36:03.799565,RAIKWAR JII TRADER,B0GFWVT3K7,"65W Fast Charger Adapter & USB-A to Type C Cable Combo, Compatible with OnePlus, Realme, Xiaomi, Redmi, Oppo, Vivo & Other Smartphones, Type C Charger Supports Dash, Warp, Vooc, SuperVooc by AILKIN",654.0,Online,In stock,ecommerce_amazon
2026-08-15,2026-08-15T17:36:11.798195,Cocoblu Retail,B0BCNQCWHS,"Belkin 65W (45W+20W) USB -C GaN Charger | Fast Charging PD | Gan Technology for Samsung Galaxy S25, Apple iPhone 17, Air, Pro, Pro Max, iPad, MacBook & More | 2 Years Warranty | White | 65W total output with GaN technology, dual USB-C ports (45W+20W) for simultaneous fast charging, 2-year warranty included",3099.0,Online,In stock,ecommerce_amazon
2026-08-15,2026-08-15T17:36:19.232435,KiViS Retail,B0GVJ1ZGMV,"SANDISK 128GB Extreme GO microSDXC UHS-I Card, 5K & 4K UHD Video, 240MB/s Read, 120MB/s Write, A2, U3, V30, High-Speed for Android, Action Camera & Gaming",3499.0,Online,In stock,ecommerce_amazon
2026-08-15,2026-08-15T17:36:26.503413,GaLiDaMai-2,B0HC9WQ2Q2,"256GB High-Capacity TF Memory Card | Micro Memory Card for Smartphone, Tablet, Action Camera, Dash Cam & CCTV | Storage Expansion",1599.0,Online,In stock,ecommerce_amazon
2026-08-15,2026-08-15T17:36:33.930742,Clicktech Retail Private Ltd,B07DJGJ18T,"HP 128GB MicroSD Memory Card | SDXC mx310 Class 10 | UHS-I, U1 Card | Upto 100MB/s R | Compitable with Smartphones, Camera, CCTV | Memory Card",2159.0,Online,In stock,ecommerce_amazon
2026-08-15,2026-08-15T17:36:41.569452,Clicktech Retail Private Ltd,B0BDYVC5TD,"SanDisk Ultra 128GB microSDXC UHS-I, 140MB/s R, Memory Card, 10 Y Warranty, for Smartphones",2525.0,Online,In stock,ecommerce_amazon
2026-08-15,2026-08-15T17:36:48.867276,Clicktech Retail Private Ltd,B0GWW7V4KG,"SANDISK 128GB Ultra Go microSD Card UHS-I, Up to 190MB/s, Full HD Video, Memory Card for Android Smartphones, Tablets, 10-Year Warranty",2449.0,Online,In stock,ecommerce_amazon
2026-08-15,2026-08-15T17:36:56.923297,Clicktech Retail Private Ltd,B0DD7T8H2Q,"Marshall Willen II Portable Bluetooth Speaker with 17+ Hours of Portable Playtime, Dust & Waterproof (IP67) - Black & Brass.",9999.0,Online,In stock,ecommerce_amazon
2026-08-15,2026-08-15T17:37:05.744978,Clicktech Retail Private Ltd,B0DYDRF64T,"Marshall Emberton III Compact Portable Bluetooth Speaker with 32+ Hours of Playtime, (360° Sound), Dust & Waterproof (IP67) – Sage.",16499.0,Online,In stock,ecommerce_amazon
2026-08-15,2026-08-15T17:37:13.870050,Clicktech Retail Private Ltd,B0FCFWGB8V,"Dubstep Pop 1200 Portable Bluetooth Speaker | 12W Loud Sound, Deep Bass with XBASS, 16 Hrs Playtime, TWS Stereo Pairing, 52mm Driver, Splash-Resistant, Carry Strap (Black)",599.0,Online,In stock,ecommerce_amazon
2026-08-15,2026-08-15T17:37:21.304358,Clicktech Retail Private Ltd,B097D69GJ1,"Portronics SoundDrum 1 12W TWS Portable Bluetooth Speaker with Powerful Bass, Bluetooth 5.3V, 360° Surround Sound, USB Drive in, Type C Fast Charging(Blue)",949.0,Online,In stock,ecommerce_amazon
2026-08-15,2026-08-15T17:37:29.383876,Clicktech Retail Private Ltd,B0BTHL673V,"Marshall Middleton Portable Bluetooth Speaker with 20+ Hours of Portable Playtime, 360° Sound, Dust & Waterproof (IP67) - Black & Brass.",23499.0,Online,Only 1 left in stock.,ecommerce_amazon
2026-08-15,2026-08-15T17:32:42.548473,Cocoblu Retail,B098NS6PVG,"Ambrane Unbreakable 3A Fast Charging 1.5m Braided Type C Cable for Smartphones, Tablets & other Type C devices, 480Mbps Data Sync, Quick Charge 3.0 (RCT15A, Black)",99.0,Online,In stock,ecommerce_amazon
2026-08-15,2026-08-15T17:32:50.795475,Cocoblu Retail,B084DTMYWK,MYVN 100W Ultra Fast Charging Cable for OnePlus | USB-A to Type-C | WARP/Dash Compatible | Compatible with OnePlus 13/13R/13S/12R/11R/10R/10T/10/10 Pro/9/9 Pro/8/8 Pro/7 Pro/7T Pro/Nord/CE 3 Lite |1M,289.0,Online,In stock,ecommerce_amazon
2026-08-15,2026-08-15T17:32:59.715730,Cocoblu Retail,B082LZGK39,"Ambrane Unbreakable 60W / 3A Fast Charging 1.5m Braided Micro USB Cable for Smartphones, Tablets, Laptops & Other Micro USB Devices, 480Mbps Data Sync, Quick Charge 3.0 (RCM15, Black)",109.0,Online,In stock,ecommerce_amazon
2026-08-15,2026-08-15T17:33:07.336985,ANKER OFFICIAL,B0DBTV5QF5,"Anker Zolo USB C to USB C Cable, Braided and Dirt-Free Type C Fast Charging Cable, Slim Connector, for iPhone 16 Series, MacBook (240W) (Black, 3ft) | Braided and Dirt-Free, Slim Connector, for iPhone 17 Series, MacBook, and More",699.0,Online,In stock,ecommerce_amazon
2026-08-15,2026-08-15T17:33:14.444407,ANKER OFFICIAL,B0CZ43567W,"Anker Nano USB C to USB C Cable, 240W Fast Charging Cable (6 ft, Black) | Flexible Multi-Color Braided Charger for iPhone 17 Series, MacBook Pro, and More",1499.0,Online,In stock,ecommerce_amazon
2026-08-15,2026-08-15T17:33:22.428363,Clicktech Retail Private Ltd,B09KH58JZR,Portronics Konnect L POR-1403 Fast Charging 3A Type-C Cable 1.2 Meter with Charge & Sync Function for All Type-C Devices (White),137.0,Online,In stock,ecommerce_amazon
2026-08-15,2026-08-15T17:33:29.484824,ANKER OFFICIAL,B0C5XVM3V1,"Anker Type C to Type C Braided 3ft Black PD Cable, Super Fast Charging (50% Charge in 30 mins), Data Sync Compatibility & Power Delivery (PD) for iPhone 15, Samsung, OnePlus & others",539.0,Online,In stock,ecommerce_amazon
2026-08-15,2026-08-15T17:33:38.189353,Cocoblu Retail,B0DZHJT3JB,"Ambrane 20000mAh Powerbank with in-Build Type C Cable, 22.5W Fast Charging, USB & Type C Output, Power Delivery, Quick Charge for iPhone, Android Mobile & Tablets, Earbuds, (Stylo N20, Black)",1499.0,Online,In stock,ecommerce_amazon
2026-08-15,2026-08-15T17:33:45.541458,Cocoblu Retail,B0GXV5X15P,"Ambrane 20000mAh Power Bank with 22.5W Fast Charging | 3 Output Ports | Type-C & USB Input | Compact Portable Charger for iPhone, Android Mobile Phone, Tablets, Earbuds, Speakers,smartwatch",1199.0,Online,In stock,ecommerce_amazon
2026-08-15,2026-08-15T17:33:55.094352,Cocoblu Retail,B0DCZ3WDTB,"Xiaomi Power Bank 4i 20000mAh 33W Super Fast Charging PD |Smart 12 Layer Protection|Type C Input & Output|Triple Output Ports|Supports Android,Apple, Tablets, Earbuds,Watch(MI Powerbank),Black",1999.0,Online,In stock,ecommerce_amazon
2026-08-15,2026-08-15T17:34:03.482662,Clicktech Retail Private Ltd,B0D96JNKFN,"Amazon Basics 20000 mAh Power Bank | 22.5W Fast Charging | Dual Output & Input | Charge 3 Devices Simultaneously | for Smartphones, TWS Earbuds, Speakers, Tablets (Black)",1299.0,Online,In stock,ecommerce_amazon
2026-08-15,2026-08-15T17:34:11.434909,Cocoblu Retail,B0GPBGDR4L,"Ambrane 25W Qi2.2 Magsafe Wireless 20000mAh Powerbank, 35W Wired Charging, Fastest Qi2.2 Technology - Now Charge 40% in 30 mins wirelessly, Support Macbook Air Charging For iPhone (Orbit 20K,Titanium)",2799.0,Online,In stock,ecommerce_amazon
2026-08-15,2026-08-15T17:34:19.560507,Clicktech Retail Private Ltd,B0GXBBD73Q,"boAt 2026 Launch Airdopes Plus 224, Powerful Spatial Audio, 60H Playback, Quad Mics AI-ENx™, 13 mm Drivers, App Support, Multi Connect, Google Fast Pair, Bluetooth v6.0 TWS Earbuds (Off White)",999.0,Online,In stock,ecommerce_amazon
2026-08-15,2026-08-15T17:34:27.076678,Cocoblu Retail,B0D78XSMSM,"pTron Bassbuds Astra in-Ear TWS Earbuds w/Stereo Sound, 34Hrs Playtime, Stereo Calls, Custom EQ, Mobile App, BTv5.3 Headphones, Touch Control, Voice Assistant, Type C Charging & IPX4 (Black)",599.0,Online,In stock,ecommerce_amazon
2026-08-15,2026-08-15T17:34:34.479953,Clicktech Retail Private Ltd,B0GZNHB218,"boAt 2026 Launch Airdopes Joy v2, 35H Battery, Pocketable Design, ASAP™ Charge, 13mm Drivers, Easy Touch Controls, ENx™ Tech, IWP™ & App Support TWS Bluetooth Earbuds with mic (Dusty Rose)",799.0,Online,In stock,ecommerce_amazon
2026-08-15,2026-08-15T17:34:42.822582,Clicktech Retail Private Ltd,B0C411BWXD,"boAt Airdopes Joy, 35Hrs Battery, Fast Charge, IWP Tech, Low Latency, 2Mic ENx, Type-C Port, v5.3 Bluetooth Earbuds, TWS Ear Buds Wireless Earphones with mic(Dark Cyan)",799.0,Online,In stock,ecommerce_amazon
2026-08-15,2026-08-15T17:34:51.183899,Clicktech Retail Private Ltd,B0GZN7C6X8,"boAt 2026 Launch Airdopes ProClip, Air Conduction Tech,Feather-Light Earbuds, Clip-On Design,All Day Wear Comfort,52H Battery,12mm Dynamic Drivers,App Support,BT v6.0,OWS Earbuds with mic(Silk Grey)",1799.0,Online,In stock,ecommerce_amazon
2026-08-15,2026-08-15T17:35:00.457716,Clicktech Retail Private Ltd,B0BF57RN3K,"Fire-Boltt Ninja Call Pro Plus Bluetooth Calling Smart Watch, 1.83″ HD Display, AI Voice Assistant, 120+ Sports Modes, IP67 Waterproof, SpO2 & Heart Rate Monitor Smartwatch for Men & Women - Black",999.0,Online,In stock,ecommerce_amazon
2026-08-15,2026-08-15T17:35:08.930510,Clicktech Retail Private Ltd,B0CMF25TKG,"Fire‑Boltt Rise Smart Watch 1.85″ HD Display with Bluetooth Calling, AI Voice Assistant, Rotating Crown,SpO2 & Heart Rate Monitor, 120+ Sports Modes,IP67 Waterproof Smart Watch for Men & Women - Black",1199.0,Online,In stock,ecommerce_amazon
2026-08-15,2026-08-15T17:35:18.294565,Clicktech Retail Private Ltd,B0B854R7NS,"Fire-Boltt Ninja Call Pro Bluetooth Calling Smart Watch, 1.69″ HD Display,Dual Chip,AI Voice Assistant, 120+ Sports Modes, SpO2 & Heart Rate Monitor, Fitness Tracker Smartwatch for Men & Women - Black",999.0,Online,In stock,ecommerce_amazon
2026-08-15,2026-08-15T17:35:27.516589,Clicktech Retail Private Ltd,B0FLF44GTQ,"boAt Wave Call 3 Smartwatch 1.83” HD Display with Animated Watch Faces; BT Calling, Functional Crown, Multiple Sports Modes, IP68, HR, SpO2 Monitor, Smart Watches for Men & Women (Bold Black)",1399.0,Online,In stock,ecommerce_amazon
2026-08-15,2026-08-15T17:35:35.604122,Clicktech Retail Private Ltd,B0G61HJYR3,"Fire-Boltt Ninja X Ring Smart Watch with 1.96” Large Display, Bluetooth Calling, Wireless Charging, AI Voice Assistant, 500+ Watch Faces, Health Suite, Smart Watch for Man & Woman – Blue S",1199.0,Online,In stock,ecommerce_amazon
2026-08-15,2026-08-15T17:35:43.255785,OUTSHINY INDIA PVT LTD,B0DFYT73XG,Arctic Fox ProMaxe Wireless Mouse | 2400 DPI |2.4 GHz with USB Nano Receiver | High Precision Optical Tracking| for PC/Mac/Laptop - Black Jet,399.0,Online,In stock,ecommerce_amazon
2026-08-15,2026-08-15T17:35:50.425747,Clicktech Retail Private Ltd,B0G7Z7YGRG,"Lenovo 210 Wireless USB A Compact Mouse,1600 DPI Optical Sensor, 2.4GHz Wireless Nano USB, 10m Range, 3Yr Warranty, 3-Button(Left,Right,Scroll) Upto 3M Left/Right clicks, 1Yr Battery, GY51U02463",499.0,Online,In stock,ecommerce_amazon
2026-08-15,2026-08-15T17:35:58.013626,Clicktech Retail Private Ltd,B0B296NTFV,"Portronics Toad 23 Wireless Optical Mouse with 2.4GHz, USB Nano Dongle, Optical Orientation, Click Wheel, Adjustable DPI(Black)",279.0,Online,In stock,ecommerce_amazon
2026-08-15,2026-08-15T17:36:05.099791,Clicktech Retail Private Ltd,B0FF4XBM5N,"ZEBRONICS Wireless Mouse, 2.4GHz, 3200 DPI, 3 Buttons, Comfortable & Ergonomic, USB Nano Receiver, Power-Saving Mode, Works on Most Surfaces, for Mac | Laptop | Computer (Freego, Black)",199.0,Online,In stock,ecommerce_amazon
2026-08-15,2026-08-15T17:36:12.755775,Clicktech Retail Private Ltd,B0CMXNFK9W,"Portronics Toad 32 Wireless Mouse with 6 Buttons, 2.4 GHz Connectivity, 10m Working Range, Ergonomic Design, Adjustable Optical DPI, Auto Power Saving, for Laptop & PC (Red)",399.0,Online,In stock,ecommerce_amazon
2026-08-15,2026-08-15T17:36:20.369944,Cocoblu Retail,B0CHJ3X3VM,"Ambrane 65W Charger Adapter, 3 Ports - 2 Type C & 1 USB for Samsung, Type C Laptops: MacBook, Dell, HP, ASUS, Fast Charger with PD Technology & GaN Technology for All Devices (RAAP G65, Black)",1999.0,Online,In stock,ecommerce_amazon
2026-08-15,2026-08-15T17:36:27.830263,RAIKWAR JII TRADER,B0H6C18HC7,"Ailkin 65W GaN Charger | Triple Port High-Speed PD 3.0 & PPS Fast Charging Adapter, 2 x Type C PD Port,1 x USB-A Port | Compatible with iPhone 17/16/15, Laptops, Smartphones, Tablets, MacBooks, iPads",989.0,Online,In stock,ecommerce_amazon
2026-08-15,2026-08-15T17:36:35.119131,Cocoblu Retail,B0DLY1ZQCQ,"JGD 65W Fast Charger USB Adapter | Compatible with OnePlus, Samsung, Realme, Redmi, Nothing, Oppo, Pixel & Other Smartphones |C Type Charger Adapter Supports Dash,Warp, Vooc, SuperVooc(BIS Certified)",258.0,Online,In stock,ecommerce_amazon
2026-08-15,2026-08-15T17:36:42.490228,RAIKWAR JII TRADER,B0GFWVT3K7,"65W Fast Charger Adapter & USB-A to Type C Cable Combo, Compatible with OnePlus, Realme, Xiaomi, Redmi, Oppo, Vivo & Other Smartphones, Type C Charger Supports Dash, Warp, Vooc, SuperVooc by AILKIN",654.0,Online,In stock,ecommerce_amazon
2026-08-15,2026-08-15T17:36:50.348010,Cocoblu Retail,B0BCNQCWHS,"Belkin 65W (45W+20W) USB -C GaN Charger | Fast Charging PD | Gan Technology for Samsung Galaxy S25, Apple iPhone 17, Air, Pro, Pro Max, iPad, MacBook & More | 2 Years Warranty | White | 65W total output with GaN technology, dual USB-C ports (45W+20W) for simultaneous fast charging, 2-year warranty included",3099.0,Online,In stock,ecommerce_amazon
2026-08-15,2026-08-15T17:36:57.509239,KiViS Retail,B0GVJ1ZGMV,"SANDISK 128GB Extreme GO microSDXC UHS-I Card, 5K & 4K UHD Video, 240MB/s Read, 120MB/s Write, A2, U3, V30, High-Speed for Android, Action Camera & Gaming",3499.0,Online,In stock,ecommerce_amazon
2026-08-15,2026-08-15T17:37:04.717660,GaLiDaMai-2,B0HC9WQ2Q2,"256GB High-Capacity TF Memory Card | Micro Memory Card for Smartphone, Tablet, Action Camera, Dash Cam & CCTV | Storage Expansion",1599.0,Online,In stock,ecommerce_amazon
2026-08-15,2026-08-15T17:37:12.347503,Clicktech Retail Private Ltd,B07DJGJ18T,"HP 128GB MicroSD Memory Card | SDXC mx310 Class 10 | UHS-I, U1 Card | Upto 100MB/s R | Compitable with Smartphones, Camera, CCTV | Memory Card",2159.0,Online,In stock,ecommerce_amazon
2026-08-15,2026-08-15T17:37:20.410710,Clicktech Retail Private Ltd,B0BDYVC5TD,"SanDisk Ultra 128GB microSDXC UHS-I, 140MB/s R, Memory Card, 10 Y Warranty, for Smartphones",2525.0,Online,In stock,ecommerce_amazon
2026-08-15,2026-08-15T17:37:27.537586,Clicktech Retail Private Ltd,B0GWW7V4KG,"SANDISK 128GB Ultra Go microSD Card UHS-I, Up to 190MB/s, Full HD Video, Memory Card for Android Smartphones, Tablets, 10-Year Warranty",2449.0,Online,In stock,ecommerce_amazon
2026-08-15,2026-08-15T17:37:34.987062,Clicktech Retail Private Ltd,B0DD7T8H2Q,"Marshall Willen II Portable Bluetooth Speaker with 17+ Hours of Portable Playtime, Dust & Waterproof (IP67) - Black & Brass.",9999.0,Online,In stock,ecommerce_amazon
2026-08-15,2026-08-15T17:37:42.448938,Clicktech Retail Private Ltd,B0DYDRF64T,"Marshall Emberton III Compact Portable Bluetooth Speaker with 32+ Hours of Playtime, (360° Sound), Dust & Waterproof (IP67) – Sage.",16499.0,Online,In stock,ecommerce_amazon
2026-08-15,2026-08-15T17:37:49.640832,Clicktech Retail Private Ltd,B0FCFWGB8V,"Dubstep Pop 1200 Portable Bluetooth Speaker | 12W Loud Sound, Deep Bass with XBASS, 16 Hrs Playtime, TWS Stereo Pairing, 52mm Driver, Splash-Resistant, Carry Strap (Black)",599.0,Online,In stock,ecommerce_amazon
2026-08-15,2026-08-15T17:37:56.523820,Clicktech Retail Private Ltd,B097D69GJ1,"Portronics SoundDrum 1 12W TWS Portable Bluetooth Speaker with Powerful Bass, Bluetooth 5.3V, 360° Surround Sound, USB Drive in, Type C Fast Charging(Blue)",949.0,Online,In stock,ecommerce_amazon
2026-08-15,2026-08-15T17:38:03.721953,Clicktech Retail Private Ltd,B0BTHL673V,"Marshall Middleton Portable Bluetooth Speaker with 20+ Hours of Portable Playtime, 360° Sound, Dust & Waterproof (IP67) - Black & Brass.",23499.0,Online,Only 1 left in stock.,ecommerce_amazon
2026-08-16,2026-08-16T19:49:14.067388,Cocoblu Retail,B098NS6PVG,"Ambrane Unbreakable 3A Fast Charging 1.5m Braided Type C Cable for Smartphones, Tablets & other Type C devices, 480Mbps Data Sync, Quick Charge 3.0 (RCT15A, Black)",99.0,Online,In stock,ecommerce_amazon
2026-08-16,2026-08-16T19:49:21.146704,Cocoblu Retail,B084DTMYWK,MYVN 100W Ultra Fast Charging Cable for OnePlus | USB-A to Type-C | WARP/Dash Compatible | Compatible with OnePlus 13/13R/13S/12R/11R/10R/10T/10/10 Pro/9/9 Pro/8/8 Pro/7 Pro/7T Pro/Nord/CE 3 Lite |1M,289.0,Online,In stock,ecommerce_amazon
2026-08-16,2026-08-16T19:49:28.226271,Cocoblu Retail,B082LZGK39,"Ambrane Unbreakable 60W / 3A Fast Charging 1.5m Braided Micro USB Cable for Smartphones, Tablets, Laptops & Other Micro USB Devices, 480Mbps Data Sync, Quick Charge 3.0 (RCM15, Black)",109.0,Online,In stock,ecommerce_amazon
2026-08-16,2026-08-16T19:49:39.604586,ANKER OFFICIAL,B0DBTV5QF5,"Anker Zolo USB C to USB C Cable, Braided and Dirt-Free Type C Fast Charging Cable, Slim Connector, for iPhone 16 Series, MacBook (240W) (Black, 3ft) | Braided and Dirt-Free, Slim Connector, for iPhone 17 Series, MacBook, and More",699.0,Online,In stock,ecommerce_amazon
2026-08-16,2026-08-16T19:49:46.342047,ANKER OFFICIAL,B0CZ43567W,"Anker Nano USB C to USB C Cable, 240W Fast Charging Cable (6 ft, Black) | Flexible Multi-Color Braided Charger for iPhone 17 Series, MacBook Pro, and More",1499.0,Online,In stock,ecommerce_amazon
2026-08-16,2026-08-16T19:49:53.503017,Clicktech Retail Private Ltd,B09KH58JZR,Portronics Konnect L POR-1403 Fast Charging 3A Type-C Cable 1.2 Meter with Charge & Sync Function for All Type-C Devices (White),137.0,Online,In stock,ecommerce_amazon
2026-08-16,2026-08-16T19:50:00.473139,Clicktech Retail Private Ltd,B0GVT5NF8W,"Zebronics Type-C Fast Charging Cable, Upto 480 Mbps, 36W Rapid Charge, 3A Output, Charge & Sync Data Cable, 1 Meter Length, Tangle-Free Durable Design (CU300T)",79.0,Online,In stock,ecommerce_amazon
2026-08-16,2026-08-16T19:50:08.516487,Cocoblu Retail,B0FQCN6WG9,"100W USB-A to Type-C Fast Charger Cable Compatible for OnePlus 15R/15/13R/13/12R/12/11/10/9/8, Nord 6/CE6/5/CE5/4/3/2 & Lite, Data Transfer upto 480mbps",299.0,Online,In stock,ecommerce_amazon
2026-08-16,2026-08-16T19:50:15.883782,Cocoblu Retail,B0DZHJT3JB,"Ambrane 20000mAh Powerbank with in-Build Type C Cable, 22.5W Fast Charging, USB & Type C Output, Power Delivery, Quick Charge for iPhone, Android Mobile & Tablets, Earbuds, (Stylo N20, Black)",1499.0,Online,In stock,ecommerce_amazon
2026-08-16,2026-08-16T19:50:23.045644,Cocoblu Retail,B0FDKY6JDP,"Ambrane 20000mAh Small Pocket Size Powerbank, Hanging InBuilt Type C Cable, 22.5W Fast Charging, Type C PD & USB Output for iPhone, Android Mobiles & Other Devices (MiniCharge 20, Black-Grey)",1599.0,Online,In stock,ecommerce_amazon
2026-08-16,2026-08-16T19:50:30.187619,Cocoblu Retail,B0DCZ3WDTB,"Xiaomi Power Bank 4i 20000mAh 33W Super Fast Charging PD |Smart 12 Layer Protection|Type C Input & Output|Triple Output Ports|Supports Android,Apple, Tablets, Earbuds,Watch(MI Powerbank),Black",1999.0,Online,In stock,ecommerce_amazon
2026-08-16,2026-08-16T19:50:37.593909,Clicktech Retail Private Ltd,B0D96JNKFN,"Amazon Basics 20000 mAh Power Bank | 22.5W Fast Charging | Dual Output & Input | Charge 3 Devices Simultaneously | for Smartphones, TWS Earbuds, Speakers, Tablets (Black)",1299.0,Online,In stock,ecommerce_amazon
2026-08-16,2026-08-16T19:50:44.915083,Cocoblu Retail,B0F48D1KB2,"boAt Energyshroom PB435 20000 mAh 35W Super Fast Charging Power Bank, Smart 12 Layer Protection (4X Output Ports, Supports Android, iPhone, Tablets, Earbuds, etc.) (Onyx Black)",1799.0,Online,In stock,ecommerce_amazon
2026-08-16,2026-08-16T19:50:52.079683,Cocoblu Retail,B0D78Y3KRP,"pTron Bassbuds Astra in-Ear TWS Earbuds w/Stereo Sound, 34Hrs Playtime, Stereo Calls, Custom EQ, Mobile App, BTv5.3 Headphones, Touch Control, Voice Assistant, Type C Charging & IPX4 (Light Blue)",599.0,Online,In stock,ecommerce_amazon
2026-08-16,2026-08-16T19:50:59.102893,Cocoblu Retail,B0G2H4R5YB,"Kratos TW02 Ear Buds Wireless with 60H Playtime, Noise Isolation & Clear Calls, Bluetooth Earbuds with Voice Assistant, Ear Buds with Bluetooth V 5.3 & with Type C Fast Charging, IPX5 TWS Earphones",499.0,Online,In stock,ecommerce_amazon
2026-08-16,2026-08-16T19:51:05.767739,Varni Enterprise  .,B0HCC9J9WV,"VarniEnterprise TWS Bluetooth Earbuds with Calling, Low Latency Gaming, HD Sound, Type-C Fast Charging, Noise Reduction, Wireless Earphones",249.0,Online,In stock,ecommerce_amazon
2026-08-16,2026-08-16T19:51:12.743793,Clicktech Retail Private Ltd,B0GZNHB218,"boAt 2026 Launch Airdopes Joy v2, 35H Battery, Pocketable Design, ASAP™ Charge, 13mm Drivers, Easy Touch Controls, ENx™ Tech, IWP™ & App Support TWS Bluetooth Earbuds with mic (Dusty Rose)",799.0,Online,In stock,ecommerce_amazon
2026-08-16,2026-08-16T19:51:20.038811,Clicktech Retail Private Ltd,B0GXB9M2HW,"boAt 2026 Launch Airdopes Plus 224, Powerful Spatial Audio, 60H Playback, Quad Mics AI-ENx™, 13 mm Drivers, App Support, Multi Connect, Google Fast Pair, Bluetooth v6.0 TWS Earbuds (Matte Black)",999.0,Online,In stock,ecommerce_amazon
2026-08-16,2026-08-16T19:51:26.687318,Whoop India,B0DY2VVZWZ,"WHOOP One – 12-Month Membership – 5.0 Health and Fitness Wearable – 24/7 Activity Tracker with VO2 Max, Sleep Tracking, Personalized Coaching, Menstrual Cycle Insights – 14+ Days Battery Life",21990.0,Online,In stock,ecommerce_amazon
2026-08-16,2026-08-16T19:51:34.197086,Clicktech Retail Private Ltd,B0BF57RN3K,"Fire-Boltt Ninja Call Pro Plus Bluetooth Calling Smart Watch, 1.83″ HD Display, AI Voice Assistant, 120+ Sports Modes, IP67 Waterproof, SpO2 & Heart Rate Monitor Smartwatch for Men & Women - Black",1199.0,Online,In stock,ecommerce_amazon
2026-08-16,2026-08-16T19:51:41.538767,Clicktech Retail Private Ltd,B0B854R7NS,"Fire-Boltt Ninja Call Pro Bluetooth Calling Smart Watch, 1.69″ HD Display,Dual Chip,AI Voice Assistant, 120+ Sports Modes, SpO2 & Heart Rate Monitor, Fitness Tracker Smartwatch for Men & Women - Black",1099.0,Online,In stock,ecommerce_amazon
2026-08-16,2026-08-16T19:51:49.277469,Clicktech Retail Private Ltd,B0FLF44GTQ,"boAt Wave Call 3 Smartwatch 1.83” HD Display with Animated Watch Faces; BT Calling, Functional Crown, Multiple Sports Modes, IP68, HR, SpO2 Monitor, Smart Watches for Men & Women (Bold Black)",1399.0,Online,In stock,ecommerce_amazon
2026-08-16,2026-08-16T19:51:56.813375,Clicktech Retail Private Ltd,B0DSF14WQZ,"Fire-Boltt Rise Smart Watch 1.85″ with Bluetooth Calling, AI Voice Assistant, Rotating Crown, SpO2 & Heart Rate Monitor, 123 Sports Modes, IP67 Waterproof Metal Smartwatch for Men & Women - Black",1699.0,Online,In stock,ecommerce_amazon
2026-08-16,2026-08-16T19:52:03.904511,Clicktech Retail Private Ltd,B0G7Z7YGRG,"Lenovo 210 Wireless USB A Compact Mouse,1600 DPI Optical Sensor, 2.4GHz Wireless Nano USB, 10m Range, 3Yr Warranty, 3-Button(Left,Right,Scroll) Upto 3M Left/Right clicks, 1Yr Battery, GY51U02463",499.0,Online,In stock,ecommerce_amazon
2026-08-16,2026-08-16T19:52:11.082279,GENTECH PERIPHERALS,B0FNK9Q9C8,"Ocean Wireless Optical Mouse 2.4GHz -1600 DPI Adjustable Silent Click Computer Mouse with USB Receiver, Ergonomic Cordless Mouse for Laptop PC Desktop Gaming Office Work Black",399.0,Online,In stock,ecommerce_amazon
2026-08-16,2026-08-16T19:52:18.278331,Clicktech Retail Private Ltd,B0FF4XBM5N,"ZEBRONICS Wireless Mouse, 2.4GHz, 3200 DPI, 3 Buttons, Comfortable & Ergonomic, USB Nano Receiver, Power-Saving Mode, Works on Most Surfaces, for Mac | Laptop | Computer (Freego, Black)",199.0,Online,In stock,ecommerce_amazon
2026-08-16,2026-08-16T19:52:25.343336,Clicktech Retail Private Ltd,B0B296NTFV,"Portronics Toad 23 Wireless Optical Mouse with 2.4GHz, USB Nano Dongle, Optical Orientation, Click Wheel, Adjustable DPI(Black)",279.0,Online,In stock,ecommerce_amazon
2026-08-16,2026-08-16T19:52:32.442460,Clicktech Retail Private Ltd,B0CMXNFK9W,"Portronics Toad 32 Wireless Mouse with 6 Buttons, 2.4 GHz Connectivity, 10m Working Range, Ergonomic Design, Adjustable Optical DPI, Auto Power Saving, for Laptop & PC (Red)",399.0,Online,In stock,ecommerce_amazon
2026-08-16,2026-08-16T19:52:39.926877,Cocoblu Retail,B0G52HG8L7,"Kratos 65W Fast Charger Adapter & USB-A to Type C Cable Combo, Compatible with OnePlus, Realme, Xiaomi, Redmi, Oppo, Vivo & Other Smartphones, Type C Charger Supports Dash, Warp, Vooc,SuperVooc",599.0,Online,In stock,ecommerce_amazon
2026-08-16,2026-08-16T19:52:47.025710,RAIKWAR JII TRADER,B0H6C18HC7,"Ailkin 65W GaN Charger | Triple Port High-Speed PD 3.0 & PPS Fast Charging Adapter, 2 x Type C PD Port,1 x USB-A Port | Compatible with iPhone 17/16/15, Laptops, Smartphones, Tablets, MacBooks, iPads",989.0,Online,In stock,ecommerce_amazon
2026-08-16,2026-08-16T19:52:54.237156,Cocoblu Retail,B0DLY1ZQCQ,"JGD 65W Fast Charger USB Adapter | Compatible with OnePlus, Samsung, Realme, Redmi, Nothing, Oppo, Pixel & Other Smartphones |C Type Charger Adapter Supports Dash,Warp, Vooc, SuperVooc(BIS Certified)",258.0,Online,In stock,ecommerce_amazon
2026-08-16,2026-08-16T19:53:01.533426,Cocoblu Retail,B0GFWVT3K7,"65W Fast Charger Adapter & USB-A to Type C Cable Combo, Compatible with OnePlus, Realme, Xiaomi, Redmi, Oppo, Vivo & Other Smartphones, Type C Charger Supports Dash, Warp, Vooc, SuperVooc by AILKIN",649.0,Online,In stock,ecommerce_amazon
2026-08-16,2026-08-16T19:53:08.777421,Clicktech Retail Private Ltd,B0GFDYXRX3,"GM G+ 65W Spyder GaN Charger | Foldable Indian Pin |Travel Friendly | Compact Dual-Type-C Port | Fast Charging for iPhone, Samsung, Laptop, MacBook Air, MacBook M4, 1 Year Warranty | Grey",1599.0,Online,In stock,ecommerce_amazon
2026-08-16,2026-08-16T19:53:15.575092,GaLiDaMai-2,B0HC9WQ2Q2,"256GB High-Capacity TF Memory Card | Micro Memory Card for Smartphone, Tablet, Action Camera, Dash Cam & CCTV | Storage Expansion",1799.0,Online,In stock,ecommerce_amazon
2026-08-16,2026-08-16T19:53:22.859781,Clicktech Retail Private Ltd,B0GVJ1ZGMV,"SANDISK 128GB Extreme GO microSDXC UHS-I Card, 5K & 4K UHD Video, 240MB/s Read, 120MB/s Write, A2, U3, V30, High-Speed for Android, Action Camera & Gaming",3499.0,Online,In stock,ecommerce_amazon
2026-08-16,2026-08-16T19:53:30.198855,Clicktech Retail Private Ltd,B07DJGJ18T,"HP 128GB MicroSD Memory Card | SDXC mx310 Class 10 | UHS-I, U1 Card | Upto 100MB/s R | Compitable with Smartphones, Camera, CCTV | Memory Card",2159.0,Online,In stock,ecommerce_amazon
2026-08-16,2026-08-16T19:53:37.523881,KiViS Retail,B0BDYVC5TD,"SanDisk Ultra 128GB microSDXC UHS-I, 140MB/s R, Memory Card, 10 Y Warranty, for Smartphones",2525.0,Online,In stock,ecommerce_amazon
2026-08-16,2026-08-16T19:53:44.428305,Clicktech Retail Private Ltd,B0GWW7V4KG,"SANDISK 128GB Ultra Go microSD Card UHS-I, Up to 190MB/s, Full HD Video, Memory Card for Android Smartphones, Tablets, 10-Year Warranty",2467.0,Online,In stock,ecommerce_amazon
2026-08-16,2026-08-16T19:53:52.030881,Clicktech Retail Private Ltd,B0DFHCWZ81,"Marshall Willen II Portable Bluetooth Speaker with 17+ Hours of Portable Playtime, Dust & Waterproof (IP67) - Cream.",9999.0,Online,In stock,ecommerce_amazon
2026-08-16,2026-08-16T19:53:59.569907,Clicktech Retail Private Ltd,B0DYDRF64T,"Marshall Emberton III Compact Portable Bluetooth Speaker with 32+ Hours of Playtime, (360° Sound), Dust & Waterproof (IP67) – Sage.",16499.0,Online,In stock,ecommerce_amazon
2026-08-16,2026-08-16T19:54:07.232788,Clicktech Retail Private Ltd,B0FCFWGB8V,"Dubstep Pop 1200 Portable Bluetooth Speaker | 12W Loud Sound, Deep Bass with XBASS, 16 Hrs Playtime, TWS Stereo Pairing, 52mm Driver, Splash-Resistant, Carry Strap (Black)",599.0,Online,In stock,ecommerce_amazon
2026-08-16,2026-08-16T19:54:14.506590,Clicktech Retail Private Ltd,B097D69GJ1,"Portronics SoundDrum 1 12W TWS Portable Bluetooth Speaker with Powerful Bass, Bluetooth 5.3V, 360° Surround Sound, USB Drive in, Type C Fast Charging(Blue)",949.0,Online,In stock,ecommerce_amazon
2026-08-16,2026-08-16T19:54:21.960513,Clicktech Retail Private Ltd,B0BTHL673V,"Marshall Middleton Portable Bluetooth Speaker with 20+ Hours of Portable Playtime, 360° Sound, Dust & Waterproof (IP67) - Black & Brass.",23499.0,Online,Only 1 left in stock.,ecommerce_amazon
2026-08-17,2026-08-17T16:11:36.485178,Cocoblu Retail,B098NS6PVG,"Ambrane Unbreakable 3A Fast Charging 1.5m Braided Type C Cable for Smartphones, Tablets & other Type C devices, 480Mbps Data Sync, Quick Charge 3.0 (RCT15A, Black)",179.0,Online,In stock,ecommerce_amazon
2026-08-17,2026-08-17T16:11:43.670661,Cocoblu Retail,B084DTMYWK,MYVN 100W Ultra Fast Charging Cable for OnePlus | USB-A to Type-C | WARP/Dash Compatible | Compatible with OnePlus 13/13R/13S/12R/11R/10R/10T/10/10 Pro/9/9 Pro/8/8 Pro/7 Pro/7T Pro/Nord/CE 3 Lite |1M,328.0,Online,In stock,ecommerce_amazon
2026-08-17,2026-08-17T16:11:50.796862,Cocoblu Retail,B082LZGK39,"Ambrane Unbreakable 60W / 3A Fast Charging 1.5m Braided Micro USB Cable for Smartphones, Tablets, Laptops & Other Micro USB Devices, 480Mbps Data Sync, Quick Charge 3.0 (RCM15, Black)",149.0,Online,In stock,ecommerce_amazon
2026-08-17,2026-08-17T16:11:58.244897,ANKER OFFICIAL,B0DBTTC2CH,"Anker Zolo USB C to USB C Cable, Braided and Dirt-Free Type C Fast Charging Cable, Slim Connector, for iPhone 16 Series, MacBook (240W) (Black, 6ft) | Braided and Dirt-Free, Slim Connector, for iPhone 17 Series, MacBook, and More",999.0,Online,In stock,ecommerce_amazon
2026-08-17,2026-08-17T16:12:04.892153,ANKER OFFICIAL,B0CZ43567W,"Anker Nano USB C to USB C Cable, 240W Fast Charging Cable (6 ft, Black) | Flexible Multi-Color Braided Charger for iPhone 17 Series, MacBook Pro, and More",1499.0,Online,In stock,ecommerce_amazon
2026-08-17,2026-08-17T16:12:12.899193,Clicktech Retail Private Ltd,B09KH58JZR,Portronics Konnect L POR-1403 Fast Charging 3A Type-C Cable 1.2 Meter with Charge & Sync Function for All Type-C Devices (White),145.0,Online,In stock,ecommerce_amazon
2026-08-17,2026-08-17T16:12:19.799436,Clicktech Retail Private Ltd,B0GVT5NF8W,"Zebronics Type-C Fast Charging Cable, Upto 480 Mbps, 36W Rapid Charge, 3A Output, Charge & Sync Data Cable, 1 Meter Length, Tangle-Free Durable Design (CU300T)",109.0,Online,In stock,ecommerce_amazon
2026-08-17,2026-08-17T16:12:26.985763,Cocoblu Retail,B0FQCN6WG9,"100W USB-A to Type-C Fast Charger Cable Compatible for OnePlus 15R/15/13R/13/12R/12/11/10/9/8, Nord 6/CE6/5/CE5/4/3/2 & Lite, Data Transfer upto 480mbps",299.0,Online,In stock,ecommerce_amazon
2026-08-17,2026-08-17T16:12:33.966737,Cocoblu Retail,B0DZHF6N9Q,"Ambrane 20000mAh Powerbank with in-Build Type C Cable, 22.5W Fast Charging, USB & Type C Output, Power Delivery, Quick Charge for iPhone, Android Mobile & Tablets, Earbuds, (Stylo N20, Purple)",1599.0,Online,In stock,ecommerce_amazon
2026-08-17,2026-08-17T16:12:41.358961,Cocoblu Retail,B0FDKY6JDP,"Ambrane 20000mAh Small Pocket Size Powerbank, Hanging InBuilt Type C Cable, 22.5W Fast Charging, Type C PD & USB Output for iPhone, Android Mobiles & Other Devices (MiniCharge 20, Black-Grey)",1999.0,Online,In stock,ecommerce_amazon
2026-08-17,2026-08-17T16:12:48.643705,Cocoblu Retail,B0DCZ3WDTB,"Xiaomi Power Bank 4i 20000mAh 33W Super Fast Charging PD |Smart 12 Layer Protection|Type C Input & Output|Triple Output Ports|Supports Android,Apple, Tablets, Earbuds,Watch(MI Powerbank),Black",2299.0,Online,In stock,ecommerce_amazon
2026-08-17,2026-08-17T16:12:56.384745,Clicktech Retail Private Ltd,B0D96JNKFN,"Amazon Basics 20000 mAh Power Bank | 22.5W Fast Charging | Dual Output & Input | Charge 3 Devices Simultaneously | for Smartphones, TWS Earbuds, Speakers, Tablets (Black)",1299.0,Online,In stock,ecommerce_amazon
2026-08-17,2026-08-17T16:13:03.666363,Clicktech Retail Private Ltd,B0D96HMLYX,"Amazon Basics 20000 mAh Power Bank | 22.5W Fast Charging | Dual Output & Input | Charge 3 Devices Simultaneously | for Smartphones, TWS Earbuds, Speakers, Tablets (Dark Blue)",1399.0,Online,In stock,ecommerce_amazon
2026-08-17,2026-08-17T16:13:10.531937,Clicktech Retail Private Ltd,B0FC2YFSN4,"boAt Airdopes 219, 4Mics ENx, 40H Battery, Best in Segment for Calling, Stream Ad Free Music via App Support, Bluetooth Earbuds, TWS Ear Buds Wireless Earphones with mic (Forest Sage)",1099.0,Online,Only 1 left in stock.,ecommerce_amazon
2026-08-17,2026-08-17T16:13:18.337241,Clicktech Retail Private Ltd,B0DZ12NCD7,"GOBOULT Astra Neo Bluetooth in Ear Earbuds with 70H Playtime, 40mm Bass Driver, Zen ENC Mic, Type-C Fast Charging, 4EQ Modes, Bluetooth 5.4, Low Latency Gaming, Wireless Earbuds (White)",1099.0,Online,In stock,ecommerce_amazon
2026-08-17,2026-08-17T16:13:24.842809,Varni Enterprise  .,B0HCC9J9WV,"VarniEnterprise TWS Bluetooth Earbuds with Calling, Low Latency Gaming, HD Sound, Type-C Fast Charging, Noise Reduction, Wireless Earphones",249.0,Online,In stock,ecommerce_amazon
2026-08-17,2026-08-17T16:13:33.500411,Cocoblu Retail,B0FMDLD86P,"OnePlus Nord Buds 3r TWS Earbuds up to 54 Hours Playback, 2-mic Clear Calls, 3D Spatial Audio, AI Translation, 12.4mm Drivers, Dual-Device Connectivity, 47ms Low Latency - Aura Blue",1807.0,Online,In stock,ecommerce_amazon
2026-08-17,2026-08-17T16:13:40.496099,Cocoblu Retail,B0D78WK937,"pTron Bassbuds Astra in-Ear TWS Earbuds w/Stereo Sound, 34Hrs Playtime, Stereo Calls, Custom EQ, Mobile App, BTv5.3 Headphones, Touch Control, Voice Assistant, Type C Charging & IPX4 (Grey)",699.0,Online,In stock,ecommerce_amazon
2026-08-17,2026-08-17T16:13:48.940496,Clicktech Retail Private Ltd,B0B854R7NS,"Fire-Boltt Ninja Call Pro Bluetooth Calling Smart Watch, 1.69″ HD Display,Dual Chip,AI Voice Assistant, 120+ Sports Modes, SpO2 & Heart Rate Monitor, Fitness Tracker Smartwatch for Men & Women - Black",1099.0,Online,In stock,ecommerce_amazon
2026-08-17,2026-08-17T16:13:57.622885,Clicktech Retail Private Ltd,B0CMF25TKG,"Fire‑Boltt Rise Smart Watch 1.85″ HD Display with Bluetooth Calling, AI Voice Assistant, Rotating Crown,SpO2 & Heart Rate Monitor, 120+ Sports Modes,IP67 Waterproof Smart Watch for Men & Women - Black",1407.0,Online,In stock,ecommerce_amazon
2026-08-17,2026-08-17T16:14:10.248051,Clicktech Retail Private Ltd,B0FLF44GTQ,"boAt Wave Call 3 Smartwatch 1.83” HD Display with Animated Watch Faces; BT Calling, Functional Crown, Multiple Sports Modes, IP68, HR, SpO2 Monitor, Smart Watches for Men & Women (Bold Black)",1399.0,Online,In stock,ecommerce_amazon
2026-08-17,2026-08-17T16:14:19.752883,Clicktech Retail Private Ltd,B0H5QCGFDH,"CrossBeats Vector Smart Band with 45 Days Battery Life, 5ATM Waterproof, HRV & SpO2 Tracking, Sleep & Stress Monitoring, 6-Axis Motion Sensor, Strava & Google Health Connect",3999.0,Online,In stock,ecommerce_amazon
2026-08-17,2026-08-17T16:14:28.958734,Clicktech Retail Private Ltd,B0G61HJYR3,"Fire-Boltt Ninja X Ring Smart Watch with 1.96” Large Display, Bluetooth Calling, Wireless Charging, AI Voice Assistant, 500+ Watch Faces, Health Suite, Smart Watch for Man & Woman – Blue S",1199.0,Online,In stock,ecommerce_amazon
2026-08-17,2026-08-17T16:14:36.081372,Clicktech Retail Private Ltd,B0F8QYQV88,"Ambrane Wireless Mouse with 2.4GHz, USB Nano Dongle, Silent Click, Optical Orientation Click Wheel, 4 Buttons, 1600 Adjustable DPI, Both Hand Use, Compatible with PC, Mac, Laptop (Sliq 3, Blue)",399.0,Online,In stock,ecommerce_amazon
2026-08-17,2026-08-17T16:14:42.899892,Consistent,B0D9BTYHF2,"Consistent Fusion Wireless Mouse (MG1151) Wireless Mouse, 2.4GHz with USB Nano Receiver, High Precision Optical Tracking, Buttons, Plug & Play, Ambidextrous, for PC/Mac/Laptop (Black)",549.0,Online,Only 1 left in stock.,ecommerce_amazon
2026-08-17,2026-08-17T16:14:49.848663,Clicktech Retail Private Ltd,B0B296NTFV,"Portronics Toad 23 Wireless Optical Mouse with 2.4GHz, USB Nano Dongle, Optical Orientation, Click Wheel, Adjustable DPI(Black)",279.0,Online,In stock,ecommerce_amazon
2026-08-17,2026-08-17T16:14:56.915423,Clicktech Retail Private Ltd,B0FF4XBM5N,"ZEBRONICS Wireless Mouse, 2.4GHz, 3200 DPI, 3 Buttons, Comfortable & Ergonomic, USB Nano Receiver, Power-Saving Mode, Works on Most Surfaces, for Mac | Laptop | Computer (Freego, Black)",229.0,Online,In stock,ecommerce_amazon
2026-08-17,2026-08-17T16:15:03.795177,Clicktech Retail Private Ltd,B0G7Z7YGRG,"Lenovo 210 Wireless USB A Compact Mouse,1600 DPI Optical Sensor, 2.4GHz Wireless Nano USB, 10m Range, 3Yr Warranty, 3-Button(Left,Right,Scroll) Upto 3M Left/Right clicks, 1Yr Battery, GY51U02463",499.0,Online,In stock,ecommerce_amazon
2026-08-17,2026-08-17T16:15:11.829451,Cocoblu Retail,B0CHJ3X3VM,"Ambrane 65W Charger Adapter, 3 Ports - 2 Type C & 1 USB for Samsung, Type C Laptops: MacBook, Dell, HP, ASUS, Fast Charger with PD Technology & GaN Technology for All Devices (RAAP G65, Black)",2399.0,Online,In stock,ecommerce_amazon
2026-08-17,2026-08-17T16:15:18.651675,Cocoblu Retail,B0FCFGLP7B,"Ambrane 70W Fast Charging Adapter Gan Charger,3 Ports (2 Type C & 1 USB),BIS Certified,for iPhone 16/15/14 Samsung,Type C Laptops: MacBook,Dell,ASUS,Fast Charger PD Technology (Charge 70),Black",1899.0,Online,In stock,ecommerce_amazon
2026-08-17,2026-08-17T16:15:25.221406,Cocoblu Retail,B0DLY1ZQCQ,"JGD 65W Fast Charger USB Adapter | Compatible with OnePlus, Samsung, Realme, Redmi, Nothing, Oppo, Pixel & Other Smartphones |C Type Charger Adapter Supports Dash,Warp, Vooc, SuperVooc(BIS Certified)",279.0,Online,In stock,ecommerce_amazon
2026-08-17,2026-08-17T16:15:32.042628,Cocoblu Retail,B0GFWVT3K7,"65W Fast Charger Adapter & USB-A to Type C Cable Combo, Compatible with OnePlus, Realme, Xiaomi, Redmi, Oppo, Vivo & Other Smartphones, Type C Charger Supports Dash, Warp, Vooc, SuperVooc by AILKIN",649.0,Online,In stock,ecommerce_amazon
2026-08-17,2026-08-17T16:15:39.096056,RAIKWAR JII TRADER,B0H6C18HC7,"Ailkin 65W GaN Charger | Triple Port High-Speed PD 3.0 & PPS Fast Charging Adapter, 2 x Type C PD Port,1 x USB-A Port | Compatible with iPhone 17/16/15, Laptops, Smartphones, Tablets, MacBooks, iPads",999.0,Online,In stock,ecommerce_amazon
2026-08-17,2026-08-17T16:15:46.345621,GaLiDaMai-2,B0HC9WQ2Q2,"256GB High-Capacity TF Memory Card | Micro Memory Card for Smartphone, Tablet, Action Camera, Dash Cam & CCTV | Storage Expansion",1999.0,Online,In stock,ecommerce_amazon
2026-08-17,2026-08-17T16:15:53.334024,Clicktech Retail Private Ltd,B0CGCZJ75B,"Amazon Basics 128 GB Micro SD Card with Adapter | Upto 120 MB/s | Class 10 | U1, C10, V10 Speed Classes",2499.0,Online,In stock,ecommerce_amazon
2026-08-17,2026-08-17T16:16:00.205731,Clicktech Retail Private Ltd,B07DJGJ18T,"HP 128GB MicroSD Memory Card | SDXC mx310 Class 10 | UHS-I, U1 Card | Upto 100MB/s R | Compitable with Smartphones, Camera, CCTV | Memory Card",2159.0,Online,In stock,ecommerce_amazon
2026-08-17,2026-08-17T16:16:06.861182,YEWON INDIA,B0HB56THRG,"YEWON 128GB MicroSDXC Memory Card | Class 10 A1 Speed | Up to 100MB/s Read Speed | Full HD Video Recording Support | Waterproof, Shockproof | for Smartphone, Camera, Tablet & Gaming Console",999.0,Online,In stock,ecommerce_amazon
2026-08-17,2026-08-17T16:16:13.985643,Clicktech Retail Private Ltd,B0GMRLT6YG,"Samsung T7 microSDXC, 128GB, 170 MB/s Read, A2, U3, V30, Memory Card for Gamers & Video Creators, Compatible with Smartphone, Tablet, Laptop, Action Camera, Drone & Gaming Console (MB-MB128T/WW)",3899.0,Online,In stock,ecommerce_amazon
2026-08-17,2026-08-17T16:16:21.869179,Clicktech Retail Private Ltd,B0DD7T8H2Q,"Marshall Willen II Portable Bluetooth Speaker with 17+ Hours of Portable Playtime, Dust & Waterproof (IP67) - Black & Brass.",12499.0,Online,Only 2 left in stock.,ecommerce_amazon
2026-08-17,2026-08-17T16:16:29.732501,Clicktech Retail Private Ltd,B0DFHGYGM7,"Marshall Emberton III Compact Portable Bluetooth Speaker with 32+ Hours of Playtime, (360° Sound), Dust & Waterproof (IP67) – Cream.",17999.0,Online,In stock,ecommerce_amazon
2026-08-17,2026-08-17T16:16:37.534499,Clicktech Retail Private Ltd,B0FCFWGB8V,"Dubstep Pop 1200 Portable Bluetooth Speaker | 12W Loud Sound, Deep Bass with XBASS, 16 Hrs Playtime, TWS Stereo Pairing, 52mm Driver, Splash-Resistant, Carry Strap (Black)",599.0,Online,In stock,ecommerce_amazon
2026-08-17,2026-08-17T16:16:44.331096,Clicktech Retail Private Ltd,B097D69GJ1,"Portronics SoundDrum 1 12W TWS Portable Bluetooth Speaker with Powerful Bass, Bluetooth 5.3V, 360° Surround Sound, USB Drive in, Type C Fast Charging(Blue)",949.0,Online,In stock,ecommerce_amazon
2026-08-17,2026-08-17T16:16:52.585412,Clicktech Retail Private Ltd,B0BTHL673V,"Marshall Middleton Portable Bluetooth Speaker with 20+ Hours of Portable Playtime, 360° Sound, Dust & Waterproof (IP67) - Black & Brass.",26999.0,Online,Only 1 left in stock.,ecommerce_amazon
