date,You (Ajmal),SKINN,Giorgio Armani
2026-07-04T12:00:00+00:00,939.0,821.0,10890.0
2026-07-05T12:00:00+00:00,1099.0,896.0,10890.0
2026-07-06T12:00:00+00:00,,896.0,12100.0
2026-07-07T12:00:00+00:00,1099.0,896.0,12100.0
2026-07-08T12:00:00+00:00,1099.0,896.0,10890.0
2026-07-09T12:00:00+00:00,1099.0,896.0,10890.0
2026-07-10T12:00:00+00:00,1099.0,896.0,10890.0
2026-07-11T12:00:00+00:00,,,12100.0
2026-07-12T12:00:00+00:00,1099.0,896.0,10890.0
2026-07-13T12:00:00+00:00,1199.0,896.0,10890.0
2026-07-14T12:00:00+00:00,1099.0,896.0,10890.0
2026-07-15T12:00:00+00:00,999.0,896.0,10890.0
2026-07-16T12:00:00+00:00,999.0,896.0,10890.0
2026-07-17T12:00:00+00:00,999.0,896.0,10890.0
2026-07-18T12:00:00+00:00,1099.0,896.0,10890.0
2026-07-19T12:00:00+00:00,1099.0,,10890.0
2026-07-20T12:00:00+00:00,1099.0,896.0,10890.0
2026-07-21T12:00:00+00:00,1099.0,1195.0,10890.0
2026-07-22T12:00:00+00:00,1099.0,896.0,10890.0
2026-07-23T12:00:00+00:00,1099.0,896.0,10890.0
2026-07-24T12:00:00+00:00,1099.0,896.0,10890.0
2026-07-25T12:00:00+00:00,1099.0,896.0,10890.0
2026-07-26T12:00:00+00:00,1099.0,896.0,10890.0
2026-07-27T12:00:00+00:00,1099.0,896.0,10890.0
2026-07-28T12:00:00+00:00,1199.0,896.0,10890.0
2026-07-29T12:00:00+00:00,1199.0,896.0,10890.0
2026-07-30T12:00:00+00:00,1099.0,836.0,10890.0
2026-07-31T12:00:00+00:00,1099.0,836.0,10890.0
2026-08-01T12:00:00+00:00,1099.0,836.0,10890.0
2026-08-02T12:00:00+00:00,999.0,1020.0,10890.0
2026-08-03T12:00:00+00:00,1099.0,1195.0,10890.0
2026-08-04T12:00:00+00:00,1099.0,836.0,10890.0
2026-08-05T12:00:00+00:00,984.0,836.0,10890.0
2026-08-06T12:00:00+00:00,984.0,836.0,10890.0
2026-08-07T12:00:00+00:00,,,10890.0
2026-08-08T12:00:00+00:00,984.0,836.0,10890.0
2026-08-09T12:00:00+00:00,984.0,836.0,10890.0
2026-08-10T12:00:00+00:00,984.0,1116.0,10890.0
2026-08-11T12:00:00+00:00,984.0,836.0,10890.0
2026-08-12T12:00:00+00:00,1100.0,764.0,10890.0
2026-08-13T12:00:00+00:00,,,10890.0
2026-08-14T12:00:00+00:00,984.0,836.0,10890.0
2026-08-15T12:00:00+00:00,1100.0,1116.0,10890.0
2026-08-16T12:00:00+00:00,1099.0,764.0,10890.0
2026-08-17T12:00:00+00:00,1099.0,1116.0,12100.0
2026-08-18T12:00:00+00:00,1099.0,836.0,10890.0
2026-08-19T12:00:00+00:00,1099.0,1116.0,10890.0
2026-08-20T12:00:00+00:00,999.0,1116.0,10890.0
2026-08-21T12:00:00+00:00,999.0,1116.0,10890.0
2026-08-22T12:00:00+00:00,1099.0,1116.0,10890.0
2026-08-23T12:00:00+00:00,1099.0,1116.0,
2026-08-24T12:00:00+00:00,,1036.0,10890.0
2026-08-25T12:00:00+00:00,1099.0,1116.0,10890.0
2026-08-26T12:00:00+00:00,999.0,1036.0,10890.0
2026-08-27T12:00:00+00:00,999.0,1036.0,10890.0
2026-08-28T12:00:00+00:00,1100.0,1318.0,10890.0
2026-08-29T12:00:00+00:00,,711.0,10890.0
2026-08-30T12:00:00+00:00,1099.0,1196.0,10890.0
2026-08-31T12:00:00+00:00,1099.0,896.0,10890.0
2026-09-01T12:00:00+00:00,1099.0,896.0,10890.0
2026-09-02T12:00:00+00:00,1099.0,896.0,10890.0
2026-09-03T12:00:00+00:00,1100.0,836.0,10890.0
2026-09-04T12:00:00+00:00,1100.0,836.0,10890.0
2026-09-05T12:00:00+00:00,,776.0,10890.0
2026-09-06T12:00:00+00:00,1100.0,1036.0,10890.0
2026-09-07T12:00:00+00:00,1199.0,1036.0,10890.0
2026-09-08T12:00:00+00:00,,1298.0,10890.0
2026-09-09T12:00:00+00:00,999.0,,10890.0
2026-09-10T12:00:00+00:00,1100.0,,10890.0
2026-09-12T12:00:00+00:00,1099.0,,
2026-09-15T12:00:00+00:00,1099.0,,
2026-09-17T12:00:00+00:00,1099.0,,
2026-09-19T12:00:00+00:00,1099.0,,
2026-09-22T12:00:00+00:00,,1195.0,
2026-09-26T12:00:00+00:00,1000.0,,
2026-09-27T12:00:00+00:00,,,7245.0
2026-09-28T12:00:00+00:00,900.0,657.0,
2026-09-30T17:53:27+00:00,1000.0,657.0,10890.0
2026-10-02T05:01:58+00:00,999.0,776.0,10890.0
