date,You (Allen Solly),Titan,LEE COOPER,Mathey-Tissot,NAVIFORCE,DANIEL KLEIN,DANIEL HECHTER
2026-07-04T12:00:00+00:00,1109.0,1894.0,1999.0,22239.0,2309.0,3789.0,2352.0
2026-07-05T12:00:00+00:00,1109.0,1894.0,,22899.0,2309.0,3789.0,2352.0
2026-07-06T12:00:00+00:00,,1704.0,19800.0,22899.0,2309.0,3789.0,2799.0
2026-07-07T12:00:00+00:00,1109.0,1610.0,15840.0,22899.0,2667.0,3789.0,2799.0
2026-07-08T12:00:00+00:00,1689.0,1610.0,16830.0,22899.0,2667.0,3789.0,2799.0
2026-07-09T12:00:00+00:00,1959.0,1794.0,16830.0,18599.0,2604.0,4049.0,2799.0
2026-07-10T12:00:00+00:00,1689.0,1895.0,19800.0,21754.0,2604.0,3410.0,2799.0
2026-07-11T12:00:00+00:00,1749.0,1704.0,15840.0,21754.0,2604.0,3789.0,2799.0
2026-07-12T12:00:00+00:00,1749.0,1533.0,2619.0,22899.0,2604.0,3789.0,2799.0
2026-07-13T12:00:00+00:00,1749.0,1609.0,2619.0,21754.0,2604.0,5076.0,2799.0
2026-07-14T12:00:00+00:00,1959.0,1895.0,2619.0,18599.0,2604.0,6345.0,2799.0
2026-07-15T12:00:00+00:00,1859.0,1795.0,2619.0,18599.0,2604.0,4049.0,2799.0
2026-07-16T12:00:00+00:00,1859.0,1794.0,2619.0,18599.0,2518.0,4049.0,2799.0
2026-07-17T12:00:00+00:00,1859.0,1794.0,2619.0,18599.0,2520.0,3899.0,2799.0
2026-07-18T12:00:00+00:00,1859.0,1794.0,2619.0,18599.0,2520.0,4049.0,2799.0
2026-07-19T12:00:00+00:00,1859.0,1995.0,2619.0,18599.0,2481.0,4049.0,2999.0
2026-07-20T12:00:00+00:00,1859.0,1249.0,2619.0,18599.0,2481.0,3846.0,2999.0
2026-07-21T12:00:00+00:00,1859.0,1249.0,2619.0,25880.0,2481.0,4049.0,2999.0
2026-07-22T12:00:00+00:00,1859.0,1249.0,2619.0,25880.0,2481.0,4049.0,2999.0
2026-07-23T12:00:00+00:00,1859.0,1845.0,2619.0,25880.0,1736.0,4049.0,2999.0
2026-07-24T12:00:00+00:00,1859.0,1845.0,2619.0,18599.0,2481.0,4049.0,2999.0
2026-07-25T12:00:00+00:00,1859.0,,,18599.0,2481.0,4049.0,2999.0
2026-07-26T12:00:00+00:00,1859.0,1795.0,2619.0,18599.0,2667.0,4049.0,2999.0
2026-07-27T12:00:00+00:00,1859.0,,,18599.0,2481.0,4049.0,2999.0
2026-07-28T12:00:00+00:00,1859.0,1795.0,2619.0,17669.0,2481.0,3846.0,
2026-07-29T12:00:00+00:00,1859.0,1995.0,2619.0,25880.0,2481.0,4049.0,2999.0
2026-07-30T12:00:00+00:00,1689.0,1695.0,2619.0,27880.0,2481.0,3359.0,2999.0
2026-07-31T12:00:00+00:00,1689.0,1610.0,2879.0,25880.0,2481.0,3359.0,2799.0
2026-08-01T12:00:00+00:00,1689.0,1895.0,2879.0,27880.0,2667.0,3359.0,2799.0
2026-08-02T12:00:00+00:00,1689.0,1895.0,2879.0,25880.0,2481.0,3359.0,2799.0
2026-08-03T12:00:00+00:00,1689.0,1610.0,2879.0,27880.0,2481.0,3359.0,2799.0
2026-08-04T12:00:00+00:00,1859.0,1894.0,2879.0,25880.0,2481.0,4049.0,2799.0
2026-08-05T12:00:00+00:00,1839.0,1596.0,,18599.0,2356.0,3023.0,2799.0
2026-08-06T12:00:00+00:00,1859.0,1704.0,2619.0,18599.0,2356.0,3644.0,2799.0
2026-08-07T12:00:00+00:00,1839.0,1894.0,,18669.0,2356.0,3359.0,2799.0
2026-08-08T12:00:00+00:00,,,2829.0,18669.0,2232.0,3023.0,2799.0
2026-08-09T12:00:00+00:00,1839.0,1895.0,3349.0,25880.0,2232.0,3023.0,2799.0
2026-08-10T12:00:00+00:00,1839.0,1895.0,3349.0,25880.0,2232.0,3529.0,2799.0
2026-08-11T12:00:00+00:00,1959.0,1666.0,3349.0,14279.0,2232.0,3529.0,2799.0
2026-08-12T12:00:00+00:00,1959.0,1895.0,3349.0,25880.0,2232.0,3352.0,2799.0
2026-08-13T12:00:00+00:00,1959.0,1895.0,,,2670.0,3529.0,2799.0
2026-08-14T12:00:00+00:00,1959.0,1666.0,3349.0,,2232.0,3529.0,2799.0
2026-08-15T12:00:00+00:00,1959.0,1895.0,3349.0,12919.0,2232.0,4039.0,2799.0
2026-08-16T12:00:00+00:00,1889.0,1995.0,3349.0,,2481.0,4039.0,2799.0
2026-08-17T12:00:00+00:00,1889.0,1794.0,3349.0,12919.0,2481.0,4039.0,2799.0
2026-08-18T12:00:00+00:00,1889.0,1994.0,3349.0,25880.0,2481.0,,2799.0
2026-08-19T12:00:00+00:00,1889.0,1595.0,3349.0,25880.0,2481.0,4039.0,2799.0
2026-08-20T12:00:00+00:00,1889.0,,3349.0,25880.0,2481.0,4039.0,2799.0
2026-08-21T12:00:00+00:00,1889.0,1034.0,3349.0,12919.0,2481.0,4039.0,2799.0
2026-08-22T12:00:00+00:00,1889.0,1149.0,3349.0,12919.0,2670.0,4039.0,2799.0
2026-08-23T12:00:00+00:00,1889.0,1149.0,3349.0,12919.0,2481.0,4039.0,2799.0
2026-08-24T12:00:00+00:00,1889.0,,3349.0,12919.0,2481.0,4039.0,
2026-08-25T12:00:00+00:00,1889.0,1149.0,3349.0,12919.0,2481.0,4039.0,
2026-08-26T12:00:00+00:00,1889.0,1149.0,3349.0,12919.0,2481.0,4039.0,
2026-08-27T12:00:00+00:00,1889.0,1795.0,3349.0,12919.0,2481.0,4039.0,
2026-08-28T12:00:00+00:00,1889.0,,3349.0,,2481.0,4039.0,
2026-08-29T12:00:00+00:00,1889.0,919.0,3349.0,12919.0,2481.0,4039.0,
2026-08-30T12:00:00+00:00,1799.0,,,13599.0,2481.0,3359.0,
2026-08-31T12:00:00+00:00,,1613.0,,13599.0,2481.0,3359.0,
2026-09-01T12:00:00+00:00,,1613.0,3339.0,13599.0,2481.0,3359.0,
2026-09-02T12:00:00+00:00,,1149.0,3339.0,13599.0,2481.0,3359.0,
2026-09-03T12:00:00+00:00,,1995.0,3339.0,13599.0,2481.0,3359.0,
2026-09-04T12:00:00+00:00,,1995.0,3339.0,13599.0,2481.0,3359.0,
2026-09-05T12:00:00+00:00,,1795.0,3339.0,14139.0,2981.0,3489.0,2999.0
2026-09-06T12:00:00+00:00,1794.0,1995.0,3339.0,14139.0,2981.0,3489.0,2999.0
2026-09-07T12:00:00+00:00,,1995.0,3339.0,,2481.0,3489.0,2999.0
2026-09-08T12:00:00+00:00,,1995.0,,,2481.0,3489.0,2999.0
2026-09-09T12:00:00+00:00,,,,,1682.0,6345.0,2999.0
2026-09-10T12:00:00+00:00,,1995.0,,,2954.0,3489.0,2999.0
2026-09-11T12:00:00+00:00,,1595.0,,,2954.0,3489.0,2999.0
2026-09-12T12:00:00+00:00,1119.0,1595.0,,,1682.0,,2999.0
2026-09-13T12:00:00+00:00,,1995.0,,,,3489.0,2999.0
2026-09-14T12:00:00+00:00,,1595.0,,,,,2999.0
2026-09-15T12:00:00+00:00,,1994.0,,14139.0,,,2999.0
2026-09-16T12:00:00+00:00,1119.0,1595.0,,14139.0,,,2999.0
2026-09-17T12:00:00+00:00,1119.0,1595.0,,14139.0,,,2999.0
2026-09-18T12:00:00+00:00,1279.0,1595.0,,14139.0,,3489.0,2999.0
2026-09-19T12:00:00+00:00,1279.0,1995.0,,,,,2999.0
2026-09-20T12:00:00+00:00,,,,27880.0,,,2999.0
2026-09-21T12:00:00+00:00,1215.0,,2619.0,,,,2999.0
2026-09-22T12:00:00+00:00,1119.0,,,27880.0,,,2999.0
2026-09-23T12:00:00+00:00,1279.0,,,14139.0,,,2499.0
2026-09-24T12:00:00+00:00,1249.0,,,,,3359.0,2999.0
2026-09-25T12:00:00+00:00,,,,,,,2499.0
2026-09-26T12:00:00+00:00,,,2549.0,,,3359.0,2999.0
2026-09-27T12:00:00+00:00,1249.0,,2549.0,13599.0,,,2499.0
2026-09-28T12:00:00+00:00,1119.0,632.0,,13599.0,2189.0,3359.0,
2026-09-30T18:01:45+00:00,1249.0,1845.0,2549.0,13599.0,2319.0,3359.0,2999.0
