date,You (BEARDO),THE MAN COMPANY,French Factor,Wild Stone,BELLAVITA,Em5,Ajmal
2026-07-04T12:00:00+00:00,450.0,348.0,731.0,493.0,1299.0,,689.0
2026-07-05T12:00:00+00:00,450.0,358.0,731.0,493.0,1299.0,,689.0
2026-07-06T12:00:00+00:00,405.0,520.0,731.0,493.0,1149.0,,846.0
2026-07-07T12:00:00+00:00,405.0,358.0,731.0,493.0,1149.0,,846.0
2026-07-08T12:00:00+00:00,450.0,358.0,731.0,493.0,1299.0,,727.0
2026-07-09T12:00:00+00:00,600.0,418.0,765.0,584.0,1299.0,,761.0
2026-07-10T12:00:00+00:00,450.0,358.0,731.0,493.0,1399.0,,846.0
2026-07-11T12:00:00+00:00,450.0,358.0,731.0,493.0,1249.0,,846.0
2026-07-12T12:00:00+00:00,427.0,358.0,731.0,493.0,1399.0,,727.0
2026-07-13T12:00:00+00:00,450.0,358.0,731.0,468.0,1249.0,,727.0
2026-07-14T12:00:00+00:00,600.0,418.0,731.0,584.0,1399.0,,727.0
2026-07-15T12:00:00+00:00,600.0,418.0,751.0,584.0,1399.0,,846.0
2026-07-16T12:00:00+00:00,600.0,418.0,765.0,584.0,1399.0,,846.0
2026-07-17T12:00:00+00:00,600.0,,765.0,584.0,1399.0,,761.0
2026-07-18T12:00:00+00:00,600.0,418.0,765.0,584.0,1399.0,,761.0
2026-07-19T12:00:00+00:00,600.0,418.0,765.0,584.0,1399.0,,846.0
2026-07-20T12:00:00+00:00,600.0,418.0,,584.0,1399.0,,846.0
2026-07-21T12:00:00+00:00,600.0,418.0,751.0,584.0,1399.0,,761.0
2026-07-22T12:00:00+00:00,600.0,520.0,765.0,584.0,1399.0,,761.0
2026-07-23T12:00:00+00:00,600.0,408.0,751.0,584.0,1399.0,,846.0
2026-07-24T12:00:00+00:00,600.0,418.0,765.0,584.0,1399.0,,761.0
2026-07-25T12:00:00+00:00,600.0,418.0,765.0,584.0,1399.0,,761.0
2026-07-26T12:00:00+00:00,600.0,418.0,765.0,584.0,1399.0,499.0,846.0
2026-07-27T12:00:00+00:00,600.0,418.0,751.0,584.0,1399.0,,761.0
2026-07-28T12:00:00+00:00,600.0,418.0,765.0,584.0,1399.0,,761.0
2026-07-29T12:00:00+00:00,600.0,418.0,765.0,584.0,1399.0,499.0,761.0
2026-07-30T12:00:00+00:00,450.0,358.0,751.0,494.0,1399.0,,761.0
2026-07-31T12:00:00+00:00,450.0,358.0,723.0,494.0,1399.0,449.0,761.0
2026-08-01T12:00:00+00:00,450.0,358.0,734.0,494.0,1399.0,,
2026-08-02T12:00:00+00:00,373.0,520.0,718.0,520.0,1399.0,,761.0
2026-08-03T12:00:00+00:00,373.0,358.0,718.0,520.0,1399.0,499.0,846.0
2026-08-04T12:00:00+00:00,373.0,418.0,718.0,584.0,1399.0,499.0,761.0
2026-08-05T12:00:00+00:00,600.0,418.0,701.0,,1149.0,449.0,721.0
2026-08-06T12:00:00+00:00,373.0,340.0,701.0,454.0,1149.0,449.0,689.0
2026-08-07T12:00:00+00:00,373.0,340.0,701.0,494.0,1149.0,449.0,689.0
2026-08-08T12:00:00+00:00,666.0,322.0,701.0,494.0,1299.0,449.0,689.0
2026-08-09T12:00:00+00:00,373.0,340.0,701.0,494.0,1149.0,449.0,689.0
2026-08-10T12:00:00+00:00,373.0,358.0,718.0,494.0,1299.0,449.0,721.0
2026-08-11T12:00:00+00:00,373.0,358.0,701.0,494.0,1299.0,449.0,721.0
2026-08-12T12:00:00+00:00,373.0,322.0,718.0,494.0,1299.0,449.0,721.0
2026-08-13T12:00:00+00:00,,358.0,701.0,494.0,1299.0,449.0,689.0
2026-08-14T12:00:00+00:00,449.0,358.0,701.0,494.0,1299.0,439.0,689.0
2026-08-15T12:00:00+00:00,600.0,,701.0,584.0,1299.0,439.0,
2026-08-16T12:00:00+00:00,495.0,418.0,734.0,584.0,1399.0,439.0,721.0
2026-08-17T12:00:00+00:00,495.0,,734.0,584.0,1399.0,439.0,721.0
2026-08-18T12:00:00+00:00,495.0,418.0,718.0,520.0,1399.0,474.0,721.0
2026-08-19T12:00:00+00:00,495.0,418.0,734.0,520.0,1399.0,474.0,721.0
2026-08-20T12:00:00+00:00,495.0,418.0,718.0,520.0,1399.0,449.0,721.0
2026-08-21T12:00:00+00:00,495.0,418.0,734.0,520.0,1399.0,449.0,721.0
2026-08-22T12:00:00+00:00,495.0,418.0,718.0,520.0,1399.0,449.0,721.0
2026-08-23T12:00:00+00:00,495.0,520.0,734.0,520.0,1399.0,439.0,721.0
2026-08-24T12:00:00+00:00,495.0,418.0,718.0,520.0,1399.0,424.0,721.0
2026-08-25T12:00:00+00:00,495.0,418.0,734.0,520.0,1299.0,424.0,721.0
2026-08-26T12:00:00+00:00,495.0,418.0,718.0,520.0,1299.0,449.0,802.0
2026-08-27T12:00:00+00:00,495.0,418.0,,520.0,1299.0,449.0,802.0
2026-08-28T12:00:00+00:00,495.0,520.0,734.0,520.0,1399.0,449.0,721.0
2026-08-29T12:00:00+00:00,,520.0,,520.0,1399.0,449.0,926.0
2026-08-30T12:00:00+00:00,450.0,520.0,734.0,494.0,1399.0,434.0,926.0
2026-08-31T12:00:00+00:00,450.0,,693.0,494.0,1399.0,499.0,846.0
2026-09-01T12:00:00+00:00,450.0,378.0,693.0,494.0,1399.0,499.0,846.0
2026-09-02T12:00:00+00:00,450.0,,693.0,494.0,1399.0,499.0,846.0
2026-09-03T12:00:00+00:00,450.0,378.0,693.0,494.0,1399.0,499.0,769.0
2026-09-04T12:00:00+00:00,450.0,408.0,693.0,494.0,1399.0,499.0,769.0
2026-09-05T12:00:00+00:00,450.0,418.0,693.0,584.0,1399.0,499.0,769.0
2026-09-06T12:00:00+00:00,450.0,,,584.0,1399.0,449.0,
2026-09-07T12:00:00+00:00,450.0,418.0,693.0,584.0,1399.0,449.0,769.0
2026-09-08T12:00:00+00:00,600.0,418.0,,,1399.0,449.0,846.0
2026-09-09T12:00:00+00:00,,418.0,693.0,,1399.0,449.0,769.0
2026-09-10T12:00:00+00:00,600.0,,,,1399.0,449.0,846.0
2026-09-11T12:00:00+00:00,600.0,2598.0,,,1399.0,449.0,846.0
2026-09-12T12:00:00+00:00,,2598.0,781.0,,1399.0,449.0,820.0
2026-09-13T12:00:00+00:00,,418.0,,,,449.0,820.0
2026-09-14T12:00:00+00:00,,418.0,,,,449.0,846.0
2026-09-15T12:00:00+00:00,,2598.0,,,,499.0,846.0
2026-09-16T12:00:00+00:00,,2598.0,,,,499.0,846.0
2026-09-17T12:00:00+00:00,523.0,2598.0,,,,474.0,846.0
2026-09-18T12:00:00+00:00,,384.0,,,,474.0,846.0
2026-09-19T12:00:00+00:00,,374.0,,,,,
2026-09-20T12:00:00+00:00,523.0,384.0,,,,499.0,846.0
2026-09-21T12:00:00+00:00,,384.0,,,,359.0,
2026-09-22T12:00:00+00:00,523.0,348.0,,,,399.0,
2026-09-23T12:00:00+00:00,666.0,520.0,,,,399.0,846.0
2026-09-24T12:00:00+00:00,439.0,520.0,,,,319.0,
2026-09-25T12:00:00+00:00,,,589.0,,,319.0,
2026-09-26T12:00:00+00:00,439.0,,589.0,,,,703.0
2026-09-27T12:00:00+00:00,439.0,313.0,,,,319.0,703.0
2026-09-28T12:00:00+00:00,373.0,337.0,589.0,489.0,,319.0,659.0
2026-09-30T17:59:43+00:00,666.0,520.0,648.0,489.0,1276.0,319.0,699.0
2026-10-02T05:08:24+00:00,666.0,520.0,602.0,489.0,1276.0,399.0,699.0
