date,You (BOSCH),LEOFAST PROFESSIONAL,INGCO,Flipkart SmartBuy
2026-07-04T12:00:00+00:00,2976.0,2062.0,6557.0,1948.0
2026-07-05T12:00:00+00:00,2976.0,2062.0,5246.0,2436.0
2026-07-06T12:00:00+00:00,2976.0,2062.0,6074.0,2436.0
2026-07-07T12:00:00+00:00,2976.0,2062.0,6074.0,1948.0
2026-07-08T12:00:00+00:00,2205.0,2062.0,6903.0,
2026-07-09T12:00:00+00:00,2827.0,2126.0,6864.0,1948.0
2026-07-10T12:00:00+00:00,2827.0,2048.0,6864.0,2085.0
2026-07-11T12:00:00+00:00,2976.0,2126.0,6864.0,
2026-07-12T12:00:00+00:00,,2126.0,6128.0,2085.0
2026-07-13T12:00:00+00:00,2827.0,2126.0,5034.0,
2026-07-14T12:00:00+00:00,2272.0,2048.0,5039.0,
2026-07-15T12:00:00+00:00,2410.0,2048.0,6802.0,
2026-07-16T12:00:00+00:00,2402.0,2148.0,6864.0,2157.0
2026-07-17T12:00:00+00:00,2402.0,2148.0,5224.0,2157.0
2026-07-18T12:00:00+00:00,2402.0,2148.0,6864.0,2157.0
2026-07-19T12:00:00+00:00,2817.0,2148.0,6864.0,2157.0
2026-07-20T12:00:00+00:00,2817.0,2545.0,6864.0,2154.0
2026-07-21T12:00:00+00:00,2817.0,2545.0,6128.0,2697.0
2026-07-22T12:00:00+00:00,2272.0,2545.0,5399.0,2157.0
2026-07-23T12:00:00+00:00,2243.0,2545.0,3849.0,2157.0
2026-07-24T12:00:00+00:00,2243.0,2545.0,6128.0,2157.0
2026-07-25T12:00:00+00:00,3360.0,2545.0,6128.0,2157.0
2026-07-26T12:00:00+00:00,2840.0,2545.0,6128.0,2697.0
2026-07-27T12:00:00+00:00,2243.0,2545.0,5499.0,2157.0
2026-07-28T12:00:00+00:00,,2545.0,5249.0,
2026-07-29T12:00:00+00:00,3360.0,2545.0,5499.0,2597.0
2026-07-30T12:00:00+00:00,3192.0,2545.0,5499.0,2697.0
2026-07-31T12:00:00+00:00,3360.0,2264.0,5536.0,2508.0
2026-08-01T12:00:00+00:00,3192.0,2264.0,5536.0,2508.0
2026-08-02T12:00:00+00:00,3360.0,2264.0,5863.0,2506.0
2026-08-03T12:00:00+00:00,2834.0,2264.0,5863.0,
2026-08-04T12:00:00+00:00,3499.0,2264.0,5863.0,2481.0
2026-08-05T12:00:00+00:00,2834.0,2264.0,6499.0,2291.0
2026-08-06T12:00:00+00:00,2834.0,2264.0,5863.0,2291.0
2026-08-07T12:00:00+00:00,2749.0,2264.0,6499.0,2338.0
2026-08-08T12:00:00+00:00,3395.0,2264.0,6499.0,2338.0
2026-08-09T12:00:00+00:00,3395.0,2264.0,6499.0,2338.0
2026-08-10T12:00:00+00:00,,2264.0,6499.0,2338.0
2026-08-11T12:00:00+00:00,2300.0,2264.0,5249.0,2338.0
2026-08-12T12:00:00+00:00,2300.0,2264.0,5863.0,2338.0
2026-08-13T12:00:00+00:00,2749.0,2264.0,5249.0,2338.0
2026-08-14T12:00:00+00:00,2840.0,2264.0,5784.0,
2026-08-15T12:00:00+00:00,3395.0,2290.0,5963.0,2338.0
2026-08-16T12:00:00+00:00,,2290.0,5749.0,2626.0
2026-08-17T12:00:00+00:00,2840.0,2290.0,5749.0,2631.0
2026-08-18T12:00:00+00:00,2840.0,2545.0,5249.0,2631.0
2026-08-19T12:00:00+00:00,2840.0,2290.0,5249.0,2631.0
2026-08-20T12:00:00+00:00,2421.0,2290.0,6291.0,2631.0
2026-08-21T12:00:00+00:00,,2290.0,6291.0,2631.0
2026-08-22T12:00:00+00:00,2990.0,2290.0,6899.0,2631.0
2026-08-23T12:00:00+00:00,2990.0,2290.0,6899.0,2631.0
2026-08-24T12:00:00+00:00,2990.0,2545.0,6291.0,2631.0
2026-08-25T12:00:00+00:00,2990.0,2545.0,6291.0,2631.0
2026-08-26T12:00:00+00:00,2990.0,2545.0,6899.0,2631.0
2026-08-27T12:00:00+00:00,,2545.0,6191.0,2631.0
2026-08-28T12:00:00+00:00,2990.0,2545.0,5249.0,2631.0
2026-08-29T12:00:00+00:00,2990.0,2545.0,6648.0,2631.0
2026-08-30T12:00:00+00:00,,2545.0,6999.0,2631.0
2026-08-31T12:00:00+00:00,2421.0,2311.0,5249.0,2322.0
2026-09-01T12:00:00+00:00,2421.0,2311.0,,2322.0
2026-09-02T12:00:00+00:00,,2433.0,5249.0,2322.0
2026-09-03T12:00:00+00:00,2749.0,2433.0,5249.0,
2026-09-04T12:00:00+00:00,2421.0,2433.0,6648.0,2581.0
2026-09-05T12:00:00+00:00,2421.0,2294.0,5249.0,2581.0
2026-09-06T12:00:00+00:00,2749.0,2433.0,5249.0,2581.0
2026-09-07T12:00:00+00:00,3395.0,2311.0,5449.0,2426.0
2026-09-08T12:00:00+00:00,,2433.0,5449.0,2474.0
2026-09-09T12:00:00+00:00,2421.0,2433.0,6999.0,2367.0
2026-09-10T12:00:00+00:00,2421.0,2109.0,6540.0,2131.0
2026-09-11T12:00:00+00:00,2421.0,2109.0,5449.0,2131.0
2026-09-12T12:00:00+00:00,2421.0,2109.0,5449.0,2131.0
2026-09-13T12:00:00+00:00,,2109.0,6999.0,2131.0
2026-09-14T12:00:00+00:00,2421.0,2109.0,5449.0,2131.0
2026-09-15T12:00:00+00:00,2421.0,2495.0,5449.0,2565.0
2026-09-16T12:00:00+00:00,2990.0,2495.0,5449.0,2565.0
2026-09-17T12:00:00+00:00,,2495.0,5449.0,2565.0
2026-09-18T12:00:00+00:00,2990.0,2495.0,5449.0,2565.0
2026-09-19T12:00:00+00:00,,2495.0,5449.0,2565.0
2026-09-20T12:00:00+00:00,,2495.0,5449.0,2565.0
2026-09-21T12:00:00+00:00,,2644.0,5449.0,2565.0
2026-09-22T12:00:00+00:00,,1924.0,,2507.0
2026-09-24T12:00:00+00:00,,2038.0,,2036.0
2026-09-25T12:00:00+00:00,2362.0,,5099.0,2036.0
2026-09-26T12:00:00+00:00,2362.0,,,2036.0
2026-09-27T12:00:00+00:00,2362.0,,5099.0,
2026-09-28T12:00:00+00:00,2362.0,,5099.0,
2026-09-30T18:04:37+00:00,3395.0,2199.0,5099.0,2036.0
