date,You (Kamiliant by American Tourister),ARISTOCRAT,SKYBAGS,NASHER MILES,Mokobara,ALFA by VIP,TOMMY HILFIGER
2026-07-04T12:00:00+00:00,1499.0,,6099.0,9131.0,6899.0,7000.0,4999.0
2026-07-05T12:00:00+00:00,,1899.0,6099.0,9131.0,6899.0,7000.0,4999.0
2026-07-06T12:00:00+00:00,1549.0,1899.0,6099.0,7304.0,6899.0,7000.0,4999.0
2026-07-07T12:00:00+00:00,,1899.0,6099.0,7304.0,6899.0,7000.0,
2026-07-08T12:00:00+00:00,1549.0,1939.0,,7304.0,6899.0,7000.0,4999.0
2026-07-09T12:00:00+00:00,,2149.0,7579.0,6999.0,7999.0,7000.0,4999.0
2026-07-10T12:00:00+00:00,1699.0,1899.0,6099.0,5999.0,7999.0,7000.0,4999.0
2026-07-11T12:00:00+00:00,1499.0,1899.0,6099.0,5999.0,7999.0,7000.0,4999.0
2026-07-12T12:00:00+00:00,1499.0,1799.0,5859.0,5999.0,7999.0,7000.0,4999.0
2026-07-13T12:00:00+00:00,1799.0,1799.0,6359.0,5999.0,7999.0,7000.0,
2026-07-14T12:00:00+00:00,1499.0,1799.0,6359.0,5399.0,7999.0,7000.0,4999.0
2026-07-15T12:00:00+00:00,1999.0,2089.0,6449.0,5669.0,7999.0,7000.0,4999.0
2026-07-16T12:00:00+00:00,1999.0,2089.0,6449.0,5669.0,7999.0,7000.0,
2026-07-17T12:00:00+00:00,1999.0,2245.0,,5669.0,7999.0,7000.0,
2026-07-18T12:00:00+00:00,1999.0,2089.0,6449.0,9272.0,7999.0,7000.0,
2026-07-19T12:00:00+00:00,1599.0,2089.0,6449.0,10005.0,7999.0,7000.0,
2026-07-20T12:00:00+00:00,1599.0,2089.0,6449.0,5669.0,7999.0,7000.0,4999.0
2026-07-21T12:00:00+00:00,1699.0,2089.0,6449.0,5669.0,7999.0,7000.0,4999.0
2026-07-22T12:00:00+00:00,1699.0,2089.0,6179.0,10005.0,7799.0,7000.0,4999.0
2026-07-23T12:00:00+00:00,1699.0,2089.0,6249.0,10005.0,,7000.0,4999.0
2026-07-24T12:00:00+00:00,1699.0,2089.0,6249.0,10005.0,,7000.0,
2026-07-25T12:00:00+00:00,1699.0,2089.0,6249.0,10005.0,7799.0,7000.0,4999.0
2026-07-26T12:00:00+00:00,,2089.0,6249.0,5669.0,7799.0,7000.0,4999.0
2026-07-27T12:00:00+00:00,1699.0,2089.0,6249.0,4818.0,7999.0,7000.0,4999.0
2026-07-28T12:00:00+00:00,1699.0,2089.0,5749.0,5669.0,7999.0,7000.0,4999.0
2026-07-29T12:00:00+00:00,1699.0,2089.0,6249.0,4818.0,7999.0,7000.0,4999.0
2026-07-30T12:00:00+00:00,1499.0,1449.0,6349.0,5999.0,7999.0,7000.0,4999.0
2026-07-31T12:00:00+00:00,1499.0,1449.0,6349.0,5099.0,7999.0,7000.0,4999.0
2026-08-01T12:00:00+00:00,1499.0,1449.0,6349.0,8504.0,6799.0,7000.0,
2026-08-02T12:00:00+00:00,,1449.0,6349.0,5999.0,7999.0,7000.0,4999.0
2026-08-03T12:00:00+00:00,1499.0,1449.0,6349.0,8504.0,7999.0,7000.0,5999.0
2026-08-04T12:00:00+00:00,2099.0,1449.0,6449.0,5669.0,7999.0,7000.0,5999.0
2026-08-05T12:00:00+00:00,1499.0,1699.0,6349.0,5999.0,7499.0,7000.0,5999.0
2026-08-06T12:00:00+00:00,,1699.0,6099.0,,7499.0,7000.0,5999.0
2026-08-07T12:00:00+00:00,1499.0,1699.0,6099.0,8051.0,7499.0,7000.0,5999.0
2026-08-08T12:00:00+00:00,,1699.0,6099.0,5999.0,7499.0,7000.0,5999.0
2026-08-09T12:00:00+00:00,1499.0,1699.0,6099.0,5999.0,7499.0,7000.0,5999.0
2026-08-10T12:00:00+00:00,1499.0,1699.0,6099.0,5999.0,7499.0,,5999.0
2026-08-11T12:00:00+00:00,1499.0,1699.0,6599.0,5999.0,7499.0,,5999.0
2026-08-12T12:00:00+00:00,1499.0,1699.0,6599.0,5999.0,7499.0,7000.0,5999.0
2026-08-13T12:00:00+00:00,1499.0,1699.0,6599.0,5999.0,7999.0,7000.0,5999.0
2026-08-14T12:00:00+00:00,1499.0,1699.0,6599.0,5999.0,7999.0,7000.0,
2026-08-15T12:00:00+00:00,,1699.0,6599.0,5999.0,7999.0,7000.0,5999.0
2026-08-16T12:00:00+00:00,1699.0,1999.0,7449.0,6999.0,7999.0,7000.0,5999.0
2026-08-17T12:00:00+00:00,1699.0,1999.0,7449.0,6999.0,7999.0,7000.0,5999.0
2026-08-18T12:00:00+00:00,1699.0,1999.0,,6999.0,7999.0,7000.0,
2026-08-19T12:00:00+00:00,1699.0,1999.0,7449.0,6999.0,7999.0,7000.0,
2026-08-20T12:00:00+00:00,1699.0,1999.0,7449.0,6299.0,7999.0,7000.0,5999.0
2026-08-21T12:00:00+00:00,1699.0,1999.0,7449.0,6999.0,7799.0,7000.0,5999.0
2026-08-22T12:00:00+00:00,,1999.0,7449.0,6999.0,7799.0,7000.0,5999.0
2026-08-23T12:00:00+00:00,1699.0,1999.0,7449.0,6999.0,7799.0,7000.0,5999.0
2026-08-24T12:00:00+00:00,1699.0,1999.0,7449.0,10064.0,7799.0,7000.0,5999.0
2026-08-25T12:00:00+00:00,1699.0,1999.0,7449.0,10064.0,7799.0,7000.0,5999.0
2026-08-26T12:00:00+00:00,1699.0,1999.0,7449.0,10064.0,7799.0,,5999.0
2026-08-27T12:00:00+00:00,1699.0,1999.0,7449.0,6999.0,7799.0,7000.0,5999.0
2026-08-28T12:00:00+00:00,1699.0,1999.0,7449.0,9057.0,7799.0,7000.0,
2026-08-29T12:00:00+00:00,1699.0,1999.0,7449.0,6299.0,7799.0,7000.0,5499.0
2026-08-30T12:00:00+00:00,1499.0,1799.0,7449.0,6299.0,7799.0,7000.0,
2026-08-31T12:00:00+00:00,1499.0,1799.0,6499.0,,7799.0,7000.0,5999.0
2026-09-01T12:00:00+00:00,1599.0,1799.0,6499.0,5999.0,,7000.0,
2026-09-02T12:00:00+00:00,1599.0,1799.0,6499.0,5999.0,7799.0,7000.0,
2026-09-03T12:00:00+00:00,1599.0,1619.0,6499.0,5999.0,,7000.0,
2026-09-04T12:00:00+00:00,1599.0,1619.0,6499.0,5999.0,7799.0,7000.0,5999.0
2026-09-05T12:00:00+00:00,1699.0,1999.0,7349.0,5999.0,7999.0,7000.0,
2026-09-06T12:00:00+00:00,1699.0,1999.0,7349.0,6999.0,7999.0,7000.0,5999.0
2026-09-07T12:00:00+00:00,,1999.0,7349.0,6999.0,,7000.0,
2026-09-08T12:00:00+00:00,,1999.0,7349.0,6999.0,,7000.0,5999.0
2026-09-09T12:00:00+00:00,,2245.0,7349.0,6999.0,7999.0,7000.0,5499.0
2026-09-10T12:00:00+00:00,,1949.0,7349.0,6999.0,7999.0,7000.0,
2026-09-11T12:00:00+00:00,,1949.0,7349.0,6999.0,7999.0,7000.0,
2026-09-12T12:00:00+00:00,,,7349.0,6999.0,,7000.0,
2026-09-13T12:00:00+00:00,1649.0,1949.0,7349.0,6999.0,7999.0,7000.0,
2026-09-14T12:00:00+00:00,,1949.0,7349.0,,7999.0,7000.0,
2026-09-15T12:00:00+00:00,,2029.0,7349.0,5949.0,7999.0,7000.0,
2026-09-16T12:00:00+00:00,,2029.0,7349.0,5949.0,7999.0,7000.0,
2026-09-17T12:00:00+00:00,,2029.0,,6999.0,7999.0,7000.0,
2026-09-18T12:00:00+00:00,,2029.0,,6999.0,7999.0,7000.0,
2026-09-19T12:00:00+00:00,,,,,7999.0,7000.0,
2026-09-20T12:00:00+00:00,,2029.0,7349.0,6999.0,,7000.0,
2026-09-21T12:00:00+00:00,,,7349.0,,7999.0,7000.0,
2026-09-22T12:00:00+00:00,1649.0,,,,7999.0,7000.0,
2026-09-23T12:00:00+00:00,1449.0,,,,5249.0,7000.0,4399.0
2026-09-24T12:00:00+00:00,1376.0,1599.0,4084.0,,7499.0,,
2026-09-25T12:00:00+00:00,,,4084.0,,5249.0,,
2026-09-26T12:00:00+00:00,,,4084.0,4749.0,,,
2026-09-27T12:00:00+00:00,,,4084.0,,,1049.0,
2026-09-28T12:00:00+00:00,1304.0,1499.0,3869.0,4999.0,5249.0,1049.0,4399.0
2026-09-30T17:57:00+00:00,,1499.0,4274.0,5099.0,7499.0,1049.0,4399.0
2026-10-02T05:05:38+00:00,1376.0,1499.0,4274.0,5099.0,7999.0,1049.0,4399.0
