date,Your bot,Rival bot
2026-06-01,1985.0,1985.0
2026-06-02,1985.0,1985.0
2026-06-03,1985.0,1985.0
2026-06-04,1985.0,1985.0
2026-06-05,1985.0,1985.0
2026-06-06,1985.0,1985.0
2026-06-07,1985.0,1985.0
2026-06-08,1985.0,1985.0
2026-06-09,1985.0,1985.0
2026-06-10,1801.0,1985.0
2026-06-11,1493.0,1493.0
2026-06-12,1493.0,1493.0
2026-06-13,1432.0,1493.0
2026-06-14,1493.0,1493.0
2026-06-15,1801.0,1985.0
2026-06-16,1493.0,1493.0
2026-06-17,1493.0,1493.0
2026-06-18,1493.0,1493.0
2026-06-19,1493.0,1493.0
2026-06-20,1985.0,1985.0
2026-06-21,1985.0,1985.0
2026-06-22,1985.0,1985.0
2026-06-23,1985.0,1985.0
2026-06-24,1985.0,1985.0
2026-06-25,1985.0,1985.0
2026-06-26,1985.0,1985.0
2026-06-27,1801.0,1985.0
2026-06-28,1493.0,1493.0
2026-06-29,1493.0,1493.0
2026-06-30,1493.0,1493.0
2026-07-01,1493.0,1555.0
2026-07-02,1985.0,1985.0
2026-07-03,1985.0,1985.0
2026-07-04,1985.0,1985.0
2026-07-05,1985.0,1985.0
2026-07-06,1985.0,1985.0
2026-07-07,1985.0,1985.0
2026-07-08,1985.0,1985.0
2026-07-09,1985.0,1985.0
2026-07-10,1985.0,1985.0
2026-07-11,1985.0,1985.0
2026-07-12,1985.0,1985.0
2026-07-13,1985.0,1985.0
2026-07-14,1985.0,1985.0
2026-07-15,1985.0,1985.0
2026-07-16,1985.0,1985.0
2026-07-17,1985.0,1985.0
2026-07-18,1985.0,1985.0
2026-07-19,1985.0,1985.0
2026-07-20,1985.0,1985.0
2026-07-21,1985.0,1985.0
2026-07-22,1985.0,1985.0
2026-07-23,1985.0,1985.0
2026-07-24,1985.0,1985.0
2026-07-25,1985.0,1985.0
2026-07-26,1985.0,1985.0
2026-07-27,1985.0,1985.0
2026-07-28,1985.0,1985.0
2026-07-29,1985.0,1862.0
2026-07-30,1493.0,1493.0
2026-07-31,1493.0,1493.0
2026-08-01,1493.0,1493.0
2026-08-02,1493.0,1493.0
2026-08-03,1985.0,1985.0
2026-08-04,1985.0,1985.0
2026-08-05,1985.0,1985.0
2026-08-06,1985.0,1985.0
2026-08-07,1985.0,1985.0
2026-08-08,1985.0,1924.0
2026-08-09,1493.0,1493.0
2026-08-10,1493.0,1493.0
2026-08-11,1493.0,1493.0
2026-08-12,1493.0,1493.0
2026-08-13,1985.0,1985.0
2026-08-14,1985.0,1985.0
2026-08-15,1985.0,1985.0
2026-08-16,1985.0,1985.0
2026-08-17,1985.0,1985.0
2026-08-18,1985.0,1985.0
2026-08-19,1985.0,1985.0
2026-08-20,1985.0,1985.0
2026-08-21,1985.0,1985.0
2026-08-22,1985.0,1985.0
2026-08-23,1985.0,1985.0
2026-08-24,1985.0,1985.0
2026-08-25,1862.0,2047.0
2026-08-26,1493.0,1493.0
2026-08-27,1493.0,1493.0
2026-08-28,1493.0,1493.0
2026-08-29,1493.0,1493.0
