date,You (WROGN),Timex,Titan,Daniel Hechter
2026-07-04T12:00:00+00:00,699.0,3995.0,26597.0,2499.0
2026-07-05T12:00:00+00:00,699.0,3995.0,35995.0,2499.0
2026-07-06T12:00:00+00:00,699.0,3995.0,23396.0,2689.0
2026-07-07T12:00:00+00:00,749.0,3995.0,32395.0,2689.0
2026-07-08T12:00:00+00:00,749.0,3995.0,23396.0,2689.0
2026-07-09T12:00:00+00:00,749.0,3995.0,37995.0,2689.0
2026-07-10T12:00:00+00:00,749.0,3995.0,37995.0,2689.0
2026-07-11T12:00:00+00:00,749.0,3995.0,37995.0,2689.0
2026-07-12T12:00:00+00:00,749.0,,37995.0,
2026-07-13T12:00:00+00:00,749.0,3995.0,37995.0,2689.0
2026-07-14T12:00:00+00:00,749.0,3995.0,32395.0,2689.0
2026-07-15T12:00:00+00:00,,3995.0,33115.0,2689.0
2026-07-16T12:00:00+00:00,749.0,3995.0,30595.0,2689.0
2026-07-17T12:00:00+00:00,735.0,3995.0,26276.0,2689.0
2026-07-18T12:00:00+00:00,735.0,3995.0,33115.0,2798.0
2026-07-19T12:00:00+00:00,735.0,3995.0,33115.0,2798.0
2026-07-20T12:00:00+00:00,735.0,3995.0,33115.0,2798.0
2026-07-21T12:00:00+00:00,735.0,3995.0,33115.0,2798.0
2026-07-22T12:00:00+00:00,749.0,3995.0,30595.0,2798.0
2026-07-23T12:00:00+00:00,749.0,3995.0,31315.0,
2026-07-24T12:00:00+00:00,749.0,3995.0,31315.0,2798.0
2026-07-25T12:00:00+00:00,749.0,3995.0,31315.0,2798.0
2026-07-26T12:00:00+00:00,749.0,3995.0,33115.0,2798.0
2026-07-27T12:00:00+00:00,749.0,3995.0,37995.0,2798.0
2026-07-28T12:00:00+00:00,696.0,3995.0,37995.0,2798.0
2026-07-29T12:00:00+00:00,694.0,3995.0,37995.0,2801.0
2026-07-30T12:00:00+00:00,701.0,3995.0,37995.0,2699.0
2026-07-31T12:00:00+00:00,701.0,3995.0,37995.0,2699.0
2026-08-01T12:00:00+00:00,701.0,3995.0,37995.0,2699.0
2026-08-02T12:00:00+00:00,701.0,3995.0,37995.0,2699.0
2026-08-03T12:00:00+00:00,,3995.0,26636.0,2699.0
2026-08-04T12:00:00+00:00,701.0,3995.0,26636.0,2699.0
2026-08-05T12:00:00+00:00,695.0,3995.0,26636.0,2699.0
2026-08-06T12:00:00+00:00,695.0,3995.0,37995.0,2699.0
2026-08-07T12:00:00+00:00,695.0,3995.0,37995.0,2699.0
2026-08-08T12:00:00+00:00,695.0,3995.0,37995.0,2700.0
2026-08-09T12:00:00+00:00,695.0,3995.0,37995.0,2700.0
2026-08-10T12:00:00+00:00,695.0,3995.0,37995.0,2700.0
2026-08-11T12:00:00+00:00,695.0,3995.0,37995.0,2700.0
2026-08-12T12:00:00+00:00,695.0,3995.0,37995.0,2700.0
2026-08-13T12:00:00+00:00,695.0,3995.0,37995.0,2700.0
2026-08-14T12:00:00+00:00,695.0,3995.0,37995.0,2700.0
2026-08-15T12:00:00+00:00,695.0,3995.0,37995.0,2700.0
2026-08-16T12:00:00+00:00,695.0,3995.0,37995.0,2700.0
2026-08-17T12:00:00+00:00,,3995.0,37995.0,2700.0
2026-08-18T12:00:00+00:00,695.0,3995.0,26597.0,2700.0
2026-08-19T12:00:00+00:00,695.0,3995.0,26597.0,2700.0
2026-08-20T12:00:00+00:00,695.0,3995.0,26597.0,2700.0
2026-08-21T12:00:00+00:00,695.0,3995.0,26597.0,2700.0
2026-08-22T12:00:00+00:00,668.0,3795.0,26597.0,2899.0
2026-08-23T12:00:00+00:00,668.0,3795.0,32035.0,2899.0
2026-08-24T12:00:00+00:00,668.0,3435.0,34555.0,2899.0
2026-08-25T12:00:00+00:00,675.0,3555.0,35635.0,2899.0
2026-08-26T12:00:00+00:00,,3555.0,35635.0,2899.0
2026-08-27T12:00:00+00:00,675.0,,35635.0,2899.0
2026-08-28T12:00:00+00:00,675.0,3555.0,35635.0,2898.0
2026-08-29T12:00:00+00:00,675.0,,35635.0,2898.0
2026-08-30T12:00:00+00:00,749.0,2436.0,28436.0,2898.0
2026-08-31T12:00:00+00:00,1768.0,,37995.0,2898.0
2026-09-01T12:00:00+00:00,749.0,2357.0,37995.0,2898.0
2026-09-02T12:00:00+00:00,,2357.0,37995.0,2898.0
2026-09-03T12:00:00+00:00,749.0,,37995.0,2898.0
2026-09-04T12:00:00+00:00,749.0,2357.0,37995.0,
2026-09-05T12:00:00+00:00,749.0,,37995.0,2898.0
2026-09-06T12:00:00+00:00,749.0,2357.0,,2898.0
2026-09-07T12:00:00+00:00,749.0,2357.0,26597.0,2898.0
2026-09-08T12:00:00+00:00,749.0,2357.0,26636.0,5450.0
2026-09-09T12:00:00+00:00,742.0,3995.0,28116.0,2898.0
2026-09-10T12:00:00+00:00,742.0,2357.0,28116.0,2898.0
2026-09-11T12:00:00+00:00,742.0,3995.0,23936.0,2898.0
2026-09-12T12:00:00+00:00,742.0,3196.0,25076.0,2898.0
2026-09-13T12:00:00+00:00,742.0,3156.0,24696.0,2898.0
2026-09-14T12:00:00+00:00,742.0,3156.0,24696.0,2898.0
2026-09-15T12:00:00+00:00,742.0,3076.0,24696.0,2898.0
2026-09-16T12:00:00+00:00,742.0,,24696.0,2898.0
2026-09-17T12:00:00+00:00,,3196.0,24696.0,2900.0
2026-09-18T12:00:00+00:00,744.0,3196.0,24696.0,2899.0
2026-09-19T12:00:00+00:00,744.0,3196.0,24696.0,2899.0
2026-09-20T12:00:00+00:00,744.0,3795.0,24696.0,2899.0
2026-09-21T12:00:00+00:00,,3196.0,24696.0,2899.0
2026-09-22T12:00:00+00:00,744.0,3196.0,24696.0,2799.0
2026-09-23T12:00:00+00:00,707.0,3196.0,22797.0,2799.0
2026-09-24T12:00:00+00:00,707.0,2996.0,22797.0,2804.0
2026-09-25T12:00:00+00:00,707.0,,22417.0,
2026-09-26T12:00:00+00:00,,,,2343.0
2026-09-27T12:00:00+00:00,,,21237.0,2289.0
2026-09-28T12:00:00+00:00,707.0,2117.0,,
2026-09-30T17:53:52+00:00,707.0,2996.0,22797.0,2779.0
2026-10-02T05:02:25+00:00,707.0,3995.0,22417.0,2507.0
